진료항목,name,평균가
중성화 암컷(반려견),서울특별시 종로구 ,"270,000"
중성화 암컷(반려견),서울특별시 중구 ,"435,000"
중성화 암컷(반려견),서울특별시 용산구 ,"300,000"
중성화 암컷(반려견),서울특별시 성동구 ,"350,000"
중성화 암컷(반려견),서울특별시 광진구 ,"277,500"
중성화 암컷(반려견),서울특별시 동대문구 ,"170,000"
중성화 암컷(반려견),서울특별시 중랑구 ,"314,500"
중성화 암컷(반려견),서울특별시 성북구 ,"213,800"
중성화 암컷(반려견),서울특별시 강북구 ,"336,666"
중성화 암컷(반려견),서울특별시 도봉구 ,"220,000"
중성화 암컷(반려견),서울특별시 노원구 ,"362,500"
중성화 암컷(반려견),서울특별시 은평구 ,"237,500"
중성화 암컷(반려견),서울특별시 서대문구 ,"335,000"
중성화 암컷(반려견),서울특별시 마포구 ,"243,333"
중성화 암컷(반려견),서울특별시 양천구 ,"190,000"
중성화 암컷(반려견),서울특별시 강서구 ,"267,500"
중성화 암컷(반려견),서울특별시 구로구 ,"250,000"
중성화 암컷(반려견),서울특별시 금천구 ,"289,760"
중성화 암컷(반려견),서울특별시 영등포구 ,"300,000"
중성화 암컷(반려견),서울특별시 동작구 ,"340,000"
중성화 암컷(반려견),서울특별시 관악구 ,"190,000"
중성화 암컷(반려견),서울특별시 서초구 ,"248,333"
중성화 암컷(반려견),서울특별시 강남구 ,"324,750"
중성화 암컷(반려견),서울특별시 송파구 ,"222,500"
중성화 암컷(반려견),서울특별시 강동구 ,"323,333"
중성화 암컷(반려견),부산광역시 중구 ,"300,000"
중성화 암컷(반려견),부산광역시 서구 ,"335,000"
중성화 암컷(반려견),부산광역시 동구 ,"290,000"
중성화 암컷(반려견),부산광역시 영도구 ,"330,000"
중성화 암컷(반려견),부산광역시 부산진구 ,"333,333"
중성화 암컷(반려견),부산광역시 동래구 ,"220,000"
중성화 암컷(반려견),부산광역시 남구 ,"283,333"
중성화 암컷(반려견),부산광역시 북구 ,"320,000"
중성화 암컷(반려견),부산광역시 강서구 ,"310,000"
중성화 암컷(반려견),부산광역시 해운대구 ,"252,500"
중성화 암컷(반려견),부산광역시 사하구 ,"280,000"
중성화 암컷(반려견),부산광역시 금정구 ,"250,000"
중성화 암컷(반려견),부산광역시 연제구 ,"335,000"
중성화 암컷(반려견),부산광역시 수영구 ,"300,000"
중성화 암컷(반려견),부산광역시 사상구 ,"340,000"
중성화 암컷(반려견),대구광역시 중구 ,"276,666"
중성화 암컷(반려견),대구광역시 동구 ,"285,000"
중성화 암컷(반려견),대구광역시 서구 ,"300,000"
중성화 암컷(반려견),대구광역시 남구 ,"350,000"
중성화 암컷(반려견),대구광역시 북구 ,"270,000"
중성화 암컷(반려견),대구광역시 수성구 ,"317,500"
중성화 암컷(반려견),대구광역시 달서구 ,"315,000"
중성화 암컷(반려견),대구광역시 달성군 ,"280,000"
중성화 암컷(반려견),인천광역시 중구 ,"300,000"
중성화 암컷(반려견),인천광역시 동구 ,"290,000"
중성화 암컷(반려견),인천광역시 미추홀구 ,"236,666"
중성화 암컷(반려견),인천광역시 연수구 ,"385,000"
중성화 암컷(반려견),인천광역시 남동구 ,"248,466"
중성화 암컷(반려견),인천광역시 부평구 ,"309,666"
중성화 암컷(반려견),인천광역시 계양구 ,"240,000"
중성화 암컷(반려견),인천광역시 서구 ,"298,333"
중성화 암컷(반려견),인천광역시 강화군 ,"330,000"
중성화 암컷(반려견),인천광역시 옹진군 ,0
중성화 암컷(반려견),광주광역시 동구 ,"300,000"
중성화 암컷(반려견),광주광역시 서구 ,"400,000"
중성화 암컷(반려견),광주광역시 남구 ,"400,000"
중성화 암컷(반려견),광주광역시 북구 ,"377,500"
중성화 암컷(반려견),광주광역시 광산구 ,"340,000"
중성화 암컷(반려견),대전광역시 동구 ,"250,000"
중성화 암컷(반려견),대전광역시 중구 ,"350,000"
중성화 암컷(반려견),대전광역시 서구 ,"325,000"
중성화 암컷(반려견),대전광역시 유성구 ,"283,333"
중성화 암컷(반려견),대전광역시 대덕구 ,"370,000"
중성화 암컷(반려견),울산광역시 중구 ,"383,333"
중성화 암컷(반려견),울산광역시 남구 ,"440,000"
중성화 암컷(반려견),울산광역시 동구 ,"370,000"
중성화 암컷(반려견),울산광역시 북구 ,"353,333"
중성화 암컷(반려견),울산광역시 울주군 ,"200,000"
중성화 암컷(반려견),경기도 수원시 장안구 ,"345,000"
중성화 암컷(반려견),경기도 수원시 권선구 ,"290,000"
중성화 암컷(반려견),경기도 수원시 팔달구 ,"350,000"
중성화 암컷(반려견),경기도 수원시 영통구 ,"366,666"
중성화 암컷(반려견),경기도 성남시 수정구 ,"300,000"
중성화 암컷(반려견),경기도 성남시 중원구 ,"400,000"
중성화 암컷(반려견),경기도 성남시 분당구 ,"317,250"
중성화 암컷(반려견),경기도 안양시 만안구 ,"233,333"
중성화 암컷(반려견),경기도 안양시 동안구 ,"330,000"
중성화 암컷(반려견),경기도 안산시 상록구 ,"300,000"
중성화 암컷(반려견),경기도 안산시 단원구 ,"300,000"
중성화 암컷(반려견),경기도 용인시 처인구 ,"330,000"
중성화 암컷(반려견),경기도 용인시 기흥구 ,"262,500"
중성화 암컷(반려견),경기도 용인시 수지구 ,"402,500"
중성화 암컷(반려견),경기도 부천시 ,"320,750"
중성화 암컷(반려견),경기도 광명시 ,"396,666"
중성화 암컷(반려견),경기도 평택시 ,"362,000"
중성화 암컷(반려견),경기도 과천시 ,"190,000"
중성화 암컷(반려견),경기도 오산시 ,"195,000"
중성화 암컷(반려견),경기도 시흥시 ,"300,000"
중성화 암컷(반려견),경기도 군포시 ,"300,000"
중성화 암컷(반려견),경기도 의왕시 ,"300,000"
중성화 암컷(반려견),경기도 하남시 ,"283,333"
중성화 암컷(반려견),경기도 이천시 ,"239,000"
중성화 암컷(반려견),경기도 안성시 ,"274,000"
중성화 암컷(반려견),경기도 김포시 ,"320,000"
중성화 암컷(반려견),경기도 화성시 ,"205,000"
중성화 암컷(반려견),경기도 광주시 ,"273,333"
중성화 암컷(반려견),경기도 여주시 ,"335,000"
중성화 암컷(반려견),경기도 양평군 ,"300,000"
중성화 암컷(반려견),경기도 고양시 덕양구 ,"330,000"
중성화 암컷(반려견),경기도 고양시 일산동구 ,"325,000"
중성화 암컷(반려견),경기도 고양시 일산서구 ,"400,000"
중성화 암컷(반려견),경기도 의정부시 ,"219,833"
중성화 암컷(반려견),경기도 동두천시 ,"227,000"
중성화 암컷(반려견),경기도 구리시 ,"400,000"
중성화 암컷(반려견),경기도 남양주시 ,"300,000"
중성화 암컷(반려견),경기도 파주시 ,"296,666"
중성화 암컷(반려견),경기도 양주시 ,"283,333"
중성화 암컷(반려견),경기도 포천시 ,"375,000"
중성화 암컷(반려견),경기도 연천군 ,"290,000"
중성화 암컷(반려견),경기도 가평군 ,"300,000"
중성화 암컷(반려견),강원도 춘천시 ,"363,333"
중성화 암컷(반려견),강원도 원주시 ,"359,833"
중성화 암컷(반려견),강원도 강릉시 ,"250,000"
중성화 암컷(반려견),강원도 동해시 ,"330,000"
중성화 암컷(반려견),강원도 태백시 ,0
중성화 암컷(반려견),강원도 속초시 ,"370,000"
중성화 암컷(반려견),강원도 삼척시 ,"380,000"
중성화 암컷(반려견),강원도 홍천군 ,"380,000"
중성화 암컷(반려견),강원도 횡성군 ,"300,000"
중성화 암컷(반려견),강원도 영월군 ,"300,000"
중성화 암컷(반려견),강원도 평창군 ,"330,000"
중성화 암컷(반려견),강원도 정선군 ,"250,000"
중성화 암컷(반려견),강원도 철원군 ,"250,000"
중성화 암컷(반려견),강원도 화천군 ,"300,000"
중성화 암컷(반려견),강원도 양구군 ,"320,000"
중성화 암컷(반려견),강원도 인제군 ,"350,000"
중성화 암컷(반려견),강원도 고성군 ,"390,000"
중성화 암컷(반려견),강원도 양양군 ,"400,000"
중성화 암컷(반려견),충청북도 청주시 상당구 ,"375,000"
중성화 암컷(반려견),충청북도 청주시 흥덕구 ,"300,000"
중성화 암컷(반려견),충청북도 청주시 서원구 ,"390,000"
중성화 암컷(반려견),충청북도 청주시 청원구 ,"250,000"
중성화 암컷(반려견),충청북도 충주시 ,"236,666"
중성화 암컷(반려견),충청북도 제천시 ,"200,000"
중성화 암컷(반려견),충청북도 보은군 ,"300,000"
중성화 암컷(반려견),충청북도 옥천군 ,0
중성화 암컷(반려견),충청북도 영동군 ,0
중성화 암컷(반려견),충청북도 증평군 ,0
중성화 암컷(반려견),충청북도 진천군 ,0
중성화 암컷(반려견),충청북도 괴산군 ,0
중성화 암컷(반려견),충청북도 음성군 ,0
중성화 암컷(반려견),충청북도 단양군 ,0
중성화 암컷(반려견),충청남도 천안시 동남구 ,"300,000"
중성화 암컷(반려견),충청남도 천안시 서북구 ,"276,000"
중성화 암컷(반려견),충청남도 공주시 ,"250,000"
중성화 암컷(반려견),충청남도 보령시 ,"270,000"
중성화 암컷(반려견),충청남도 아산시 ,"330,000"
중성화 암컷(반려견),충청남도 서산시 ,"310,000"
중성화 암컷(반려견),충청남도 논산시 ,"220,000"
중성화 암컷(반려견),충청남도 계룡시 ,0
중성화 암컷(반려견),충청남도 당진시 ,"300,000"
중성화 암컷(반려견),충청남도 금산군 ,0
중성화 암컷(반려견),충청남도 부여군 ,0
중성화 암컷(반려견),충청남도 서천군 ,0
중성화 암컷(반려견),충청남도 청양군 ,0
중성화 암컷(반려견),충청남도 홍성군 ,"600,000"
중성화 암컷(반려견),충청남도 예산군 ,0
중성화 암컷(반려견),충청남도 태안군 ,"360,000"
중성화 암컷(반려견),전라북도 전주시 완산구 ,"265,000"
중성화 암컷(반려견),전라북도 전주시 덕진구 ,"200,000"
중성화 암컷(반려견),전라북도 군산시 ,"203,333"
중성화 암컷(반려견),전라북도 익산시 ,"380,000"
중성화 암컷(반려견),전라북도 정읍시 ,"330,000"
중성화 암컷(반려견),전라북도 남원시 ,"300,000"
중성화 암컷(반려견),전라북도 김제시 ,"300,000"
중성화 암컷(반려견),전라북도 완주군 ,0
중성화 암컷(반려견),전라북도 진안군 ,0
중성화 암컷(반려견),전라북도 무주군 ,0
중성화 암컷(반려견),전라북도 장수군 ,0
중성화 암컷(반려견),전라북도 임실군 ,0
중성화 암컷(반려견),전라북도 순창군 ,0
중성화 암컷(반려견),전라북도 고창군 ,0
중성화 암컷(반려견),전라북도 부안군 ,0
중성화 암컷(반려견),전라남도 목포시 ,"250,000"
중성화 암컷(반려견),전라남도 여수시 ,"400,000"
중성화 암컷(반려견),전라남도 순천시 ,"325,000"
중성화 암컷(반려견),전라남도 나주시 ,"395,000"
중성화 암컷(반려견),전라남도 광양시 ,"200,000"
중성화 암컷(반려견),전라남도 담양군 ,0
중성화 암컷(반려견),전라남도 곡성군 ,0
중성화 암컷(반려견),전라남도 구례군 ,0
중성화 암컷(반려견),전라남도 고흥군 ,0
중성화 암컷(반려견),전라남도 보성군 ,0
중성화 암컷(반려견),전라남도 화순군 ,0
중성화 암컷(반려견),전라남도 장흥군 ,0
중성화 암컷(반려견),전라남도 강진군 ,0
중성화 암컷(반려견),전라남도 해남군 ,0
중성화 암컷(반려견),전라남도 영암군 ,0
중성화 암컷(반려견),전라남도 무안군 ,0
중성화 암컷(반려견),전라남도 함평군 ,0
중성화 암컷(반려견),전라남도 영광군 ,0
중성화 암컷(반려견),전라남도 장성군 ,0
중성화 암컷(반려견),전라남도 완도군 ,0
중성화 암컷(반려견),전라남도 진도군 ,0
중성화 암컷(반려견),전라남도 신안군 ,0
중성화 암컷(반려견),경상북도 포항시 남구 ,"220,000"
중성화 암컷(반려견),경상북도 포항시 북구 ,"300,000"
중성화 암컷(반려견),경상북도 경주시 ,"300,000"
중성화 암컷(반려견),경상북도 김천시 ,"330,000"
중성화 암컷(반려견),경상북도 안동시 ,"300,000"
중성화 암컷(반려견),경상북도 구미시 ,"300,000"
중성화 암컷(반려견),경상북도 영주시 ,"250,000"
중성화 암컷(반려견),경상북도 영천시 ,"330,000"
중성화 암컷(반려견),경상북도 상주시 ,"250,000"
중성화 암컷(반려견),경상북도 문경시 ,"220,000"
중성화 암컷(반려견),경상북도 경산시 ,"280,000"
중성화 암컷(반려견),경상북도 군위군 ,0
중성화 암컷(반려견),경상북도 의성군 ,0
중성화 암컷(반려견),경상북도 청송군 ,0
중성화 암컷(반려견),경상북도 영양군 ,0
중성화 암컷(반려견),경상북도 영덕군 ,0
중성화 암컷(반려견),경상북도 청도군 ,0
중성화 암컷(반려견),경상북도 고령군 ,0
중성화 암컷(반려견),경상북도 성주군 ,0
중성화 암컷(반려견),경상북도 칠곡군 ,0
중성화 암컷(반려견),경상북도 예천군 ,0
중성화 암컷(반려견),경상북도 봉화군 ,0
중성화 암컷(반려견),경상북도 울진군 ,0
중성화 암컷(반려견),경상북도 울릉군 ,0
중성화 암컷(반려견),경상남도 창원시 의창구 ,"290,000"
중성화 암컷(반려견),경상남도 창원시 성산구 ,"350,000"
중성화 암컷(반려견),경상남도 창원시 마산합포구 ,"250,000"
중성화 암컷(반려견),경상남도 창원시 마산회원구 ,"270,000"
중성화 암컷(반려견),경상남도 창원시 진해구 ,"200,000"
중성화 암컷(반려견),경상남도 진주시 ,"290,000"
중성화 암컷(반려견),경상남도 통영시 ,"280,000"
중성화 암컷(반려견),경상남도 사천시 ,"250,000"
중성화 암컷(반려견),경상남도 김해시 ,"390,000"
중성화 암컷(반려견),경상남도 밀양시 ,"220,000"
중성화 암컷(반려견),경상남도 거제시 ,"220,000"
중성화 암컷(반려견),경상남도 양산시 ,"300,000"
중성화 암컷(반려견),경상남도 의령군 ,0
중성화 암컷(반려견),경상남도 함안군 ,0
중성화 암컷(반려견),경상남도 창녕군 ,0
중성화 암컷(반려견),경상남도 고성군 ,0
중성화 암컷(반려견),경상남도 남해군 ,0
중성화 암컷(반려견),경상남도 하동군 ,0
중성화 암컷(반려견),경상남도 산청군 ,0
중성화 암컷(반려견),경상남도 함양군 ,0
중성화 암컷(반려견),경상남도 거창군 ,0
중성화 암컷(반려견),경상남도 합천군 ,0
중성화 암컷(반려견),제주특별자치도 제주시 ,"350,000"
중성화 암컷(반려견),제주특별자치도 서귀포시 ,"350,000"
피부 곰팡이 검사,서울특별시 종로구 ,"32,000"
피부 곰팡이 검사,서울특별시 중구 ,"29,333"
피부 곰팡이 검사,서울특별시 용산구 ,"26,666"
피부 곰팡이 검사,서울특별시 성동구 ,"22,750"
피부 곰팡이 검사,서울특별시 광진구 ,"27,500"
피부 곰팡이 검사,서울특별시 동대문구 ,"24,333"
피부 곰팡이 검사,서울특별시 중랑구 ,"25,666"
피부 곰팡이 검사,서울특별시 성북구 ,"25,666"
피부 곰팡이 검사,서울특별시 강북구 ,"24,000"
피부 곰팡이 검사,서울특별시 도봉구 ,"26,000"
피부 곰팡이 검사,서울특별시 노원구 ,"24,666"
피부 곰팡이 검사,서울특별시 은평구 ,"25,666"
피부 곰팡이 검사,서울특별시 서대문구 ,"25,250"
피부 곰팡이 검사,서울특별시 마포구 ,"24,666"
피부 곰팡이 검사,서울특별시 양천구 ,"24,333"
피부 곰팡이 검사,서울특별시 강서구 ,"23,200"
피부 곰팡이 검사,서울특별시 구로구 ,"26,666"
피부 곰팡이 검사,서울특별시 금천구 ,"25,000"
피부 곰팡이 검사,서울특별시 영등포구 ,"20,800"
피부 곰팡이 검사,서울특별시 동작구 ,"23,666"
피부 곰팡이 검사,서울특별시 관악구 ,"25,000"
피부 곰팡이 검사,서울특별시 서초구 ,"27,000"
피부 곰팡이 검사,서울특별시 강남구 ,"24,333"
피부 곰팡이 검사,서울특별시 송파구 ,"25,000"
피부 곰팡이 검사,서울특별시 강동구 ,"27,666"
피부 곰팡이 검사,부산광역시 중구 ,"25,000"
피부 곰팡이 검사,부산광역시 서구 ,"30,000"
피부 곰팡이 검사,부산광역시 동구 ,0
피부 곰팡이 검사,부산광역시 영도구 ,0
피부 곰팡이 검사,부산광역시 부산진구 ,0
피부 곰팡이 검사,부산광역시 동래구 ,0
피부 곰팡이 검사,부산광역시 남구 ,0
피부 곰팡이 검사,부산광역시 북구 ,0
피부 곰팡이 검사,부산광역시 강서구 ,0
피부 곰팡이 검사,부산광역시 해운대구 ,"24,000"
피부 곰팡이 검사,부산광역시 사하구 ,0
피부 곰팡이 검사,부산광역시 금정구 ,0
피부 곰팡이 검사,부산광역시 연제구 ,0
피부 곰팡이 검사,부산광역시 수영구 ,0
피부 곰팡이 검사,부산광역시 사상구 ,0
피부 곰팡이 검사,대구광역시 중구 ,0
피부 곰팡이 검사,대구광역시 동구 ,0
피부 곰팡이 검사,대구광역시 서구 ,0
피부 곰팡이 검사,대구광역시 남구 ,0
피부 곰팡이 검사,대구광역시 북구 ,0
피부 곰팡이 검사,대구광역시 수성구 ,0
피부 곰팡이 검사,대구광역시 달서구 ,"30,000"
피부 곰팡이 검사,대구광역시 달성군 ,"33,000"
피부 곰팡이 검사,인천광역시 중구 ,"25,000"
피부 곰팡이 검사,인천광역시 동구 ,"22,000"
피부 곰팡이 검사,인천광역시 미추홀구 ,"25,000"
피부 곰팡이 검사,인천광역시 연수구 ,"28,000"
피부 곰팡이 검사,인천광역시 남동구 ,0
피부 곰팡이 검사,인천광역시 부평구 ,0
피부 곰팡이 검사,인천광역시 계양구 ,0
피부 곰팡이 검사,인천광역시 서구 ,0
피부 곰팡이 검사,인천광역시 강화군 ,"33,000"
피부 곰팡이 검사,인천광역시 옹진군 ,0
피부 곰팡이 검사,광주광역시 동구 ,"15,000"
피부 곰팡이 검사,광주광역시 서구 ,0
피부 곰팡이 검사,광주광역시 남구 ,"15,000"
피부 곰팡이 검사,광주광역시 북구 ,0
피부 곰팡이 검사,광주광역시 광산구 ,0
피부 곰팡이 검사,대전광역시 동구 ,"27,500"
피부 곰팡이 검사,대전광역시 중구 ,"36,500"
피부 곰팡이 검사,대전광역시 서구 ,"20,000"
피부 곰팡이 검사,대전광역시 유성구 ,"20,000"
피부 곰팡이 검사,대전광역시 대덕구 ,"25,000"
피부 곰팡이 검사,울산광역시 중구 ,0
피부 곰팡이 검사,울산광역시 남구 ,0
피부 곰팡이 검사,울산광역시 동구 ,0
피부 곰팡이 검사,울산광역시 북구 ,"28,000"
피부 곰팡이 검사,울산광역시 울주군 ,0
피부 곰팡이 검사,경기도 수원시 장안구 ,0
피부 곰팡이 검사,경기도 수원시 권선구 ,0
피부 곰팡이 검사,경기도 수원시 팔달구 ,0
피부 곰팡이 검사,경기도 수원시 영통구 ,0
피부 곰팡이 검사,경기도 성남시 수정구 ,"26,000"
피부 곰팡이 검사,경기도 성남시 중원구 ,"22,000"
피부 곰팡이 검사,경기도 성남시 분당구 ,"25,000"
피부 곰팡이 검사,경기도 안양시 만안구 ,"20,000"
피부 곰팡이 검사,경기도 안양시 동안구 ,"22,000"
피부 곰팡이 검사,경기도 안산시 상록구 ,"22,000"
피부 곰팡이 검사,경기도 안산시 단원구 ,"22,000"
피부 곰팡이 검사,경기도 용인시 처인구 ,"22,000"
피부 곰팡이 검사,경기도 용인시 기흥구 ,"22,000"
피부 곰팡이 검사,경기도 용인시 수지구 ,"20,000"
피부 곰팡이 검사,경기도 부천시 ,"22,000"
피부 곰팡이 검사,경기도 광명시 ,"20,000"
피부 곰팡이 검사,경기도 평택시 ,"11,000"
피부 곰팡이 검사,경기도 과천시 ,"20,000"
피부 곰팡이 검사,경기도 오산시 ,"20,000"
피부 곰팡이 검사,경기도 시흥시 ,"15,000"
피부 곰팡이 검사,경기도 군포시 ,"18,250"
피부 곰팡이 검사,경기도 의왕시 ,"23,000"
피부 곰팡이 검사,경기도 하남시 ,"15,000"
피부 곰팡이 검사,경기도 이천시 ,"25,000"
피부 곰팡이 검사,경기도 안성시 ,"18,000"
피부 곰팡이 검사,경기도 김포시 ,"15,000"
피부 곰팡이 검사,경기도 화성시 ,0
피부 곰팡이 검사,경기도 광주시 ,"20,000"
피부 곰팡이 검사,경기도 여주시 ,"15,000"
피부 곰팡이 검사,경기도 양평군 ,0
피부 곰팡이 검사,경기도 고양시 덕양구 ,"23,100"
피부 곰팡이 검사,경기도 고양시 일산동구 ,"20,000"
피부 곰팡이 검사,경기도 고양시 일산서구 ,"22,000"
피부 곰팡이 검사,경기도 의정부시 ,"20,000"
피부 곰팡이 검사,경기도 동두천시 ,"15,000"
피부 곰팡이 검사,경기도 구리시 ,"22,000"
피부 곰팡이 검사,경기도 남양주시 ,"22,000"
피부 곰팡이 검사,경기도 파주시 ,"27,000"
피부 곰팡이 검사,경기도 양주시 ,"19,000"
피부 곰팡이 검사,경기도 포천시 ,"22,000"
피부 곰팡이 검사,경기도 연천군 ,0
피부 곰팡이 검사,경기도 가평군 ,0
피부 곰팡이 검사,강원도 춘천시 ,"40,000"
피부 곰팡이 검사,강원도 원주시 ,"37,000"
피부 곰팡이 검사,강원도 강릉시 ,"33,000"
피부 곰팡이 검사,강원도 동해시 ,"29,000"
피부 곰팡이 검사,강원도 태백시 ,0
피부 곰팡이 검사,강원도 속초시 ,"22,000"
피부 곰팡이 검사,강원도 삼척시 ,0
피부 곰팡이 검사,강원도 홍천군 ,0
피부 곰팡이 검사,강원도 횡성군 ,0
피부 곰팡이 검사,강원도 영월군 ,0
피부 곰팡이 검사,강원도 평창군 ,0
피부 곰팡이 검사,강원도 정선군 ,0
피부 곰팡이 검사,강원도 철원군 ,0
피부 곰팡이 검사,강원도 화천군 ,0
피부 곰팡이 검사,강원도 양구군 ,0
피부 곰팡이 검사,강원도 인제군 ,0
피부 곰팡이 검사,강원도 고성군 ,0
피부 곰팡이 검사,강원도 양양군 ,0
피부 곰팡이 검사,충청북도 청주시 상당구 ,"30,000"
피부 곰팡이 검사,충청북도 청주시 흥덕구 ,"20,000"
피부 곰팡이 검사,충청북도 청주시 서원구 ,"24,000"
피부 곰팡이 검사,충청북도 청주시 청원구 ,"20,000"
피부 곰팡이 검사,충청북도 충주시 ,"24,000"
피부 곰팡이 검사,충청북도 제천시 ,"30,000"
피부 곰팡이 검사,충청북도 보은군 ,0
피부 곰팡이 검사,충청북도 옥천군 ,0
피부 곰팡이 검사,충청북도 영동군 ,0
피부 곰팡이 검사,충청북도 증평군 ,0
피부 곰팡이 검사,충청북도 진천군 ,0
피부 곰팡이 검사,충청북도 괴산군 ,0
피부 곰팡이 검사,충청북도 음성군 ,0
피부 곰팡이 검사,충청북도 단양군 ,0
피부 곰팡이 검사,충청남도 천안시 동남구 ,"30,000"
피부 곰팡이 검사,충청남도 천안시 서북구 ,"15,000"
피부 곰팡이 검사,충청남도 공주시 ,"20,000"
피부 곰팡이 검사,충청남도 보령시 ,"25,000"
피부 곰팡이 검사,충청남도 아산시 ,"35,000"
피부 곰팡이 검사,충청남도 서산시 ,"20,000"
피부 곰팡이 검사,충청남도 논산시 ,"30,000"
피부 곰팡이 검사,충청남도 계룡시 ,0
피부 곰팡이 검사,충청남도 당진시 ,"25,000"
피부 곰팡이 검사,충청남도 금산군 ,0
피부 곰팡이 검사,충청남도 부여군 ,0
피부 곰팡이 검사,충청남도 서천군 ,0
피부 곰팡이 검사,충청남도 청양군 ,0
피부 곰팡이 검사,충청남도 홍성군 ,0
피부 곰팡이 검사,충청남도 예산군 ,0
피부 곰팡이 검사,충청남도 태안군 ,0
피부 곰팡이 검사,전라북도 전주시 완산구 ,"30,000"
피부 곰팡이 검사,전라북도 전주시 덕진구 ,"15,000"
피부 곰팡이 검사,전라북도 군산시 ,"20,000"
피부 곰팡이 검사,전라북도 익산시 ,"25,000"
피부 곰팡이 검사,전라북도 정읍시 ,"20,000"
피부 곰팡이 검사,전라북도 남원시 ,"35,000"
피부 곰팡이 검사,전라북도 김제시 ,"30,000"
피부 곰팡이 검사,전라북도 완주군 ,0
피부 곰팡이 검사,전라북도 진안군 ,0
피부 곰팡이 검사,전라북도 무주군 ,0
피부 곰팡이 검사,전라북도 장수군 ,0
피부 곰팡이 검사,전라북도 임실군 ,0
피부 곰팡이 검사,전라북도 순창군 ,0
피부 곰팡이 검사,전라북도 고창군 ,0
피부 곰팡이 검사,전라북도 부안군 ,0
피부 곰팡이 검사,전라남도 목포시 ,"30,000"
피부 곰팡이 검사,전라남도 여수시 ,"20,000"
피부 곰팡이 검사,전라남도 순천시 ,"15,000"
피부 곰팡이 검사,전라남도 나주시 ,"25,000"
피부 곰팡이 검사,전라남도 광양시 ,"35,000"
피부 곰팡이 검사,전라남도 담양군 ,0
피부 곰팡이 검사,전라남도 곡성군 ,0
피부 곰팡이 검사,전라남도 구례군 ,0
피부 곰팡이 검사,전라남도 고흥군 ,0
피부 곰팡이 검사,전라남도 보성군 ,0
피부 곰팡이 검사,전라남도 화순군 ,0
피부 곰팡이 검사,전라남도 장흥군 ,0
피부 곰팡이 검사,전라남도 강진군 ,0
피부 곰팡이 검사,전라남도 해남군 ,0
피부 곰팡이 검사,전라남도 영암군 ,0
피부 곰팡이 검사,전라남도 무안군 ,0
피부 곰팡이 검사,전라남도 함평군 ,0
피부 곰팡이 검사,전라남도 영광군 ,0
피부 곰팡이 검사,전라남도 장성군 ,0
피부 곰팡이 검사,전라남도 완도군 ,0
피부 곰팡이 검사,전라남도 진도군 ,0
피부 곰팡이 검사,전라남도 신안군 ,0
피부 곰팡이 검사,경상북도 포항시 남구 ,"33,000"
피부 곰팡이 검사,경상북도 포항시 북구 ,"20,000"
피부 곰팡이 검사,경상북도 경주시 ,"25,000"
피부 곰팡이 검사,경상북도 김천시 ,"30,000"
피부 곰팡이 검사,경상북도 안동시 ,"15,000"
피부 곰팡이 검사,경상북도 구미시 ,"30,000"
피부 곰팡이 검사,경상북도 영주시 ,"30,000"
피부 곰팡이 검사,경상북도 영천시 ,"20,000"
피부 곰팡이 검사,경상북도 상주시 ,"33,000"
피부 곰팡이 검사,경상북도 문경시 ,"20,000"
피부 곰팡이 검사,경상북도 경산시 ,"25,000"
피부 곰팡이 검사,경상북도 군위군 ,0
피부 곰팡이 검사,경상북도 의성군 ,0
피부 곰팡이 검사,경상북도 청송군 ,0
피부 곰팡이 검사,경상북도 영양군 ,0
피부 곰팡이 검사,경상북도 영덕군 ,0
피부 곰팡이 검사,경상북도 청도군 ,0
피부 곰팡이 검사,경상북도 고령군 ,0
피부 곰팡이 검사,경상북도 성주군 ,0
피부 곰팡이 검사,경상북도 칠곡군 ,0
피부 곰팡이 검사,경상북도 예천군 ,0
피부 곰팡이 검사,경상북도 봉화군 ,0
피부 곰팡이 검사,경상북도 울진군 ,0
피부 곰팡이 검사,경상북도 울릉군 ,0
피부 곰팡이 검사,경상남도 창원시 의창구 ,"33,000"
피부 곰팡이 검사,경상남도 창원시 성산구 ,"35,000"
피부 곰팡이 검사,경상남도 창원시 마산합포구 ,"28,000"
피부 곰팡이 검사,경상남도 창원시 마산회원구 ,"33,000"
피부 곰팡이 검사,경상남도 창원시 진해구 ,"32,000"
피부 곰팡이 검사,경상남도 진주시 ,"30,000"
피부 곰팡이 검사,경상남도 통영시 ,"33,000"
피부 곰팡이 검사,경상남도 사천시 ,"35,000"
피부 곰팡이 검사,경상남도 김해시 ,"30,000"
피부 곰팡이 검사,경상남도 밀양시 ,"32,000"
피부 곰팡이 검사,경상남도 거제시 ,"30,000"
피부 곰팡이 검사,경상남도 양산시 ,"30,000"
피부 곰팡이 검사,경상남도 의령군 ,0
피부 곰팡이 검사,경상남도 함안군 ,0
피부 곰팡이 검사,경상남도 창녕군 ,0
피부 곰팡이 검사,경상남도 고성군 ,0
피부 곰팡이 검사,경상남도 남해군 ,0
피부 곰팡이 검사,경상남도 하동군 ,0
피부 곰팡이 검사,경상남도 산청군 ,0
피부 곰팡이 검사,경상남도 함양군 ,0
피부 곰팡이 검사,경상남도 거창군 ,0
피부 곰팡이 검사,경상남도 합천군 ,0
피부 곰팡이 검사,제주특별자치도 제주시 ,"40,000"
피부 곰팡이 검사,제주특별자치도 서귀포시 ,"35,000"
중성화 수컷(반려견),서울특별시 종로구 ,"120,000"
중성화 수컷(반려견),서울특별시 중구 ,"222,500"
중성화 수컷(반려견),서울특별시 용산구 ,"150,000"
중성화 수컷(반려견),서울특별시 성동구 ,"115,000"
중성화 수컷(반려견),서울특별시 광진구 ,"154,750"
중성화 수컷(반려견),서울특별시 동대문구 ,"90,000"
중성화 수컷(반려견),서울특별시 중랑구 ,"129,000"
중성화 수컷(반려견),서울특별시 성북구 ,"175,800"
중성화 수컷(반려견),서울특별시 강북구 ,"160,000"
중성화 수컷(반려견),서울특별시 도봉구 ,"90,000"
중성화 수컷(반려견),서울특별시 노원구 ,"205,000"
중성화 수컷(반려견),서울특별시 은평구 ,"165,000"
중성화 수컷(반려견),서울특별시 서대문구 ,"161,666"
중성화 수컷(반려견),서울특별시 마포구 ,"103,333"
중성화 수컷(반려견),서울특별시 양천구 ,"92,500"
중성화 수컷(반려견),서울특별시 강서구 ,"105,000"
중성화 수컷(반려견),서울특별시 구로구 ,"100,000"
중성화 수컷(반려견),서울특별시 금천구 ,"101,200"
중성화 수컷(반려견),서울특별시 영등포구 ,"165,000"
중성화 수컷(반려견),서울특별시 동작구 ,"143,333"
중성화 수컷(반려견),서울특별시 관악구 ,"118,333"
중성화 수컷(반려견),서울특별시 서초구 ,"100,000"
중성화 수컷(반려견),서울특별시 강남구 ,"144,750"
중성화 수컷(반려견),서울특별시 송파구 ,"96,000"
중성화 수컷(반려견),서울특별시 강동구 ,"148,000"
중성화 수컷(반려견),부산광역시 중구 ,"120,000"
중성화 수컷(반려견),부산광역시 서구 ,"163,000"
중성화 수컷(반려견),부산광역시 동구 ,"200,000"
중성화 수컷(반려견),부산광역시 영도구 ,"250,000"
중성화 수컷(반려견),부산광역시 부산진구 ,"200,000"
중성화 수컷(반려견),부산광역시 동래구 ,"165,000"
중성화 수컷(반려견),부산광역시 남구 ,"165,000"
중성화 수컷(반려견),부산광역시 북구 ,"160,000"
중성화 수컷(반려견),부산광역시 강서구 ,"125,000"
중성화 수컷(반려견),부산광역시 해운대구 ,"115,000"
중성화 수컷(반려견),부산광역시 사하구 ,"115,000"
중성화 수컷(반려견),부산광역시 금정구 ,"170,000"
중성화 수컷(반려견),부산광역시 연제구 ,"225,000"
중성화 수컷(반려견),부산광역시 수영구 ,"150,000"
중성화 수컷(반려견),부산광역시 사상구 ,"150,000"
중성화 수컷(반려견),대구광역시 중구 ,"155,000"
중성화 수컷(반려견),대구광역시 동구 ,"146,666"
중성화 수컷(반려견),대구광역시 서구 ,"180,000"
중성화 수컷(반려견),대구광역시 남구 ,"150,000"
중성화 수컷(반려견),대구광역시 북구 ,"142,500"
중성화 수컷(반려견),대구광역시 수성구 ,"156,666"
중성화 수컷(반려견),대구광역시 달서구 ,"165,000"
중성화 수컷(반려견),대구광역시 달성군 ,"130,000"
중성화 수컷(반려견),인천광역시 중구 ,"150,000"
중성화 수컷(반려견),인천광역시 동구 ,"150,000"
중성화 수컷(반려견),인천광역시 미추홀구 ,"140,000"
중성화 수컷(반려견),인천광역시 연수구 ,"200,000"
중성화 수컷(반려견),인천광역시 남동구 ,"116,333"
중성화 수컷(반려견),인천광역시 부평구 ,"149,500"
중성화 수컷(반려견),인천광역시 계양구 ,"120,000"
중성화 수컷(반려견),인천광역시 서구 ,"124,000"
중성화 수컷(반려견),인천광역시 강화군 ,"220,000"
중성화 수컷(반려견),인천광역시 옹진군 ,0
중성화 수컷(반려견),광주광역시 동구 ,"150,000"
중성화 수컷(반려견),광주광역시 서구 ,"135,000"
중성화 수컷(반려견),광주광역시 남구 ,"230,000"
중성화 수컷(반려견),광주광역시 북구 ,"280,000"
중성화 수컷(반려견),광주광역시 광산구 ,"200,000"
중성화 수컷(반려견),대전광역시 동구 ,"240,000"
중성화 수컷(반려견),대전광역시 중구 ,"300,000"
중성화 수컷(반려견),대전광역시 서구 ,"143,333"
중성화 수컷(반려견),대전광역시 유성구 ,"150,000"
중성화 수컷(반려견),대전광역시 대덕구 ,"250,000"
중성화 수컷(반려견),울산광역시 중구 ,"153,333"
중성화 수컷(반려견),울산광역시 남구 ,"220,000"
중성화 수컷(반려견),울산광역시 동구 ,"175,000"
중성화 수컷(반려견),울산광역시 북구 ,"213,333"
중성화 수컷(반려견),울산광역시 울주군 ,"130,000"
중성화 수컷(반려견),경기도 수원시 장안구 ,"190,000"
중성화 수컷(반려견),경기도 수원시 권선구 ,"250,000"
중성화 수컷(반려견),경기도 수원시 팔달구 ,"250,000"
중성화 수컷(반려견),경기도 수원시 영통구 ,"140,000"
중성화 수컷(반려견),경기도 성남시 수정구 ,"185,000"
중성화 수컷(반려견),경기도 성남시 중원구 ,"190,000"
중성화 수컷(반려견),경기도 성남시 분당구 ,"185,500"
중성화 수컷(반려견),경기도 안양시 만안구 ,"165,000"
중성화 수컷(반려견),경기도 안양시 동안구 ,"174,000"
중성화 수컷(반려견),경기도 안산시 상록구 ,"200,000"
중성화 수컷(반려견),경기도 안산시 단원구 ,"170,000"
중성화 수컷(반려견),경기도 용인시 처인구 ,"215,000"
중성화 수컷(반려견),경기도 용인시 기흥구 ,"126,666"
중성화 수컷(반려견),경기도 용인시 수지구 ,"283,333"
중성화 수컷(반려견),경기도 부천시 ,"189,750"
중성화 수컷(반려견),경기도 광명시 ,"173,333"
중성화 수컷(반려견),경기도 평택시 ,"200,000"
중성화 수컷(반려견),경기도 과천시 ,"90,000"
중성화 수컷(반려견),경기도 오산시 ,"95,000"
중성화 수컷(반려견),경기도 시흥시 ,"140,000"
중성화 수컷(반려견),경기도 군포시 ,"160,000"
중성화 수컷(반려견),경기도 의왕시 ,"150,000"
중성화 수컷(반려견),경기도 하남시 ,"135,000"
중성화 수컷(반려견),경기도 이천시 ,"90,000"
중성화 수컷(반려견),경기도 안성시 ,"119,000"
중성화 수컷(반려견),경기도 김포시 ,"121,250"
중성화 수컷(반려견),경기도 화성시 ,"152,250"
중성화 수컷(반려견),경기도 광주시 ,"120,000"
중성화 수컷(반려견),경기도 여주시 ,"250,000"
중성화 수컷(반려견),경기도 양평군 ,"160,000"
중성화 수컷(반려견),경기도 고양시 덕양구 ,"200,000"
중성화 수컷(반려견),경기도 고양시 일산동구 ,"100,000"
중성화 수컷(반려견),경기도 고양시 일산서구 ,"190,000"
중성화 수컷(반려견),경기도 의정부시 ,"125,571"
중성화 수컷(반려견),경기도 동두천시 ,"200,000"
중성화 수컷(반려견),경기도 구리시 ,"200,000"
중성화 수컷(반려견),경기도 남양주시 ,"120,000"
중성화 수컷(반려견),경기도 파주시 ,"150,000"
중성화 수컷(반려견),경기도 양주시 ,"215,000"
중성화 수컷(반려견),경기도 포천시 ,"250,000"
중성화 수컷(반려견),경기도 연천군 ,"160,000"
중성화 수컷(반려견),경기도 가평군 ,"90,000"
중성화 수컷(반려견),강원도 춘천시 ,"180,000"
중성화 수컷(반려견),강원도 원주시 ,"200,000"
중성화 수컷(반려견),강원도 강릉시 ,"276,000"
중성화 수컷(반려견),강원도 동해시 ,"130,000"
중성화 수컷(반려견),강원도 태백시 ,"380,000"
중성화 수컷(반려견),강원도 속초시 ,"220,000"
중성화 수컷(반려견),강원도 삼척시 ,"180,000"
중성화 수컷(반려견),강원도 홍천군 ,"250,000"
중성화 수컷(반려견),강원도 횡성군 ,"220,000"
중성화 수컷(반려견),강원도 영월군 ,"220,000"
중성화 수컷(반려견),강원도 평창군 ,"100,000"
중성화 수컷(반려견),강원도 정선군 ,"150,000"
중성화 수컷(반려견),강원도 철원군 ,"150,000"
중성화 수컷(반려견),강원도 화천군 ,"120,000"
중성화 수컷(반려견),강원도 양구군 ,"190,000"
중성화 수컷(반려견),강원도 인제군 ,"150,000"
중성화 수컷(반려견),강원도 고성군 ,"150,000"
중성화 수컷(반려견),강원도 양양군 ,"250,000"
중성화 수컷(반려견),충청북도 청주시 상당구 ,"150,000"
중성화 수컷(반려견),충청북도 청주시 흥덕구 ,"170,000"
중성화 수컷(반려견),충청북도 청주시 서원구 ,"170,000"
중성화 수컷(반려견),충청북도 청주시 청원구 ,"190,000"
중성화 수컷(반려견),충청북도 충주시 ,"100,000"
중성화 수컷(반려견),충청북도 제천시 ,"160,000"
중성화 수컷(반려견),충청북도 보은군 ,0
중성화 수컷(반려견),충청북도 옥천군 ,0
중성화 수컷(반려견),충청북도 영동군 ,0
중성화 수컷(반려견),충청북도 증평군 ,0
중성화 수컷(반려견),충청북도 진천군 ,0
중성화 수컷(반려견),충청북도 괴산군 ,0
중성화 수컷(반려견),충청북도 음성군 ,0
중성화 수컷(반려견),충청북도 단양군 ,0
중성화 수컷(반려견),충청남도 천안시 동남구 ,"210,000"
중성화 수컷(반려견),충청남도 천안시 서북구 ,"116,666"
중성화 수컷(반려견),충청남도 공주시 ,"200,000"
중성화 수컷(반려견),충청남도 보령시 ,"160,000"
중성화 수컷(반려견),충청남도 아산시 ,"180,000"
중성화 수컷(반려견),충청남도 서산시 ,"160,000"
중성화 수컷(반려견),충청남도 논산시 ,"120,000"
중성화 수컷(반려견),충청남도 계룡시 ,0
중성화 수컷(반려견),충청남도 당진시 ,"150,000"
중성화 수컷(반려견),충청남도 금산군 ,0
중성화 수컷(반려견),충청남도 부여군 ,0
중성화 수컷(반려견),충청남도 서천군 ,0
중성화 수컷(반려견),충청남도 청양군 ,0
중성화 수컷(반려견),충청남도 홍성군 ,0
중성화 수컷(반려견),충청남도 예산군 ,0
중성화 수컷(반려견),충청남도 태안군 ,"160,000"
중성화 수컷(반려견),전라북도 전주시 완산구 ,"150,000"
중성화 수컷(반려견),전라북도 전주시 덕진구 ,"100,000"
중성화 수컷(반려견),전라북도 군산시 ,"125,000"
중성화 수컷(반려견),전라북도 익산시 ,"200,000"
중성화 수컷(반려견),전라북도 정읍시 ,"150,000"
중성화 수컷(반려견),전라북도 남원시 ,"120,000"
중성화 수컷(반려견),전라북도 김제시 ,"130,000"
중성화 수컷(반려견),전라북도 완주군 ,0
중성화 수컷(반려견),전라북도 진안군 ,0
중성화 수컷(반려견),전라북도 무주군 ,0
중성화 수컷(반려견),전라북도 장수군 ,0
중성화 수컷(반려견),전라북도 임실군 ,0
중성화 수컷(반려견),전라북도 순창군 ,0
중성화 수컷(반려견),전라북도 고창군 ,0
중성화 수컷(반려견),전라북도 부안군 ,0
중성화 수컷(반려견),전라남도 목포시 ,"100,000"
중성화 수컷(반려견),전라남도 여수시 ,"150,000"
중성화 수컷(반려견),전라남도 순천시 ,"170,000"
중성화 수컷(반려견),전라남도 나주시 ,"160,000"
중성화 수컷(반려견),전라남도 광양시 ,"200,000"
중성화 수컷(반려견),전라남도 담양군 ,0
중성화 수컷(반려견),전라남도 곡성군 ,0
중성화 수컷(반려견),전라남도 구례군 ,0
중성화 수컷(반려견),전라남도 고흥군 ,0
중성화 수컷(반려견),전라남도 보성군 ,0
중성화 수컷(반려견),전라남도 화순군 ,0
중성화 수컷(반려견),전라남도 장흥군 ,0
중성화 수컷(반려견),전라남도 강진군 ,0
중성화 수컷(반려견),전라남도 해남군 ,0
중성화 수컷(반려견),전라남도 영암군 ,0
중성화 수컷(반려견),전라남도 무안군 ,0
중성화 수컷(반려견),전라남도 함평군 ,0
중성화 수컷(반려견),전라남도 영광군 ,0
중성화 수컷(반려견),전라남도 장성군 ,0
중성화 수컷(반려견),전라남도 완도군 ,0
중성화 수컷(반려견),전라남도 진도군 ,0
중성화 수컷(반려견),전라남도 신안군 ,0
중성화 수컷(반려견),경상북도 포항시 남구 ,"180,000"
중성화 수컷(반려견),경상북도 포항시 북구 ,"150,000"
중성화 수컷(반려견),경상북도 경주시 ,"120,000"
중성화 수컷(반려견),경상북도 김천시 ,"160,000"
중성화 수컷(반려견),경상북도 안동시 ,"160,000"
중성화 수컷(반려견),경상북도 구미시 ,"150,000"
중성화 수컷(반려견),경상북도 영주시 ,"100,000"
중성화 수컷(반려견),경상북도 영천시 ,"180,000"
중성화 수컷(반려견),경상북도 상주시 ,"120,000"
중성화 수컷(반려견),경상북도 문경시 ,"140,000"
중성화 수컷(반려견),경상북도 경산시 ,"150,000"
중성화 수컷(반려견),경상북도 군위군 ,0
중성화 수컷(반려견),경상북도 의성군 ,0
중성화 수컷(반려견),경상북도 청송군 ,0
중성화 수컷(반려견),경상북도 영양군 ,0
중성화 수컷(반려견),경상북도 영덕군 ,0
중성화 수컷(반려견),경상북도 청도군 ,0
중성화 수컷(반려견),경상북도 고령군 ,0
중성화 수컷(반려견),경상북도 성주군 ,0
중성화 수컷(반려견),경상북도 칠곡군 ,"180,000"
중성화 수컷(반려견),경상북도 예천군 ,0
중성화 수컷(반려견),경상북도 봉화군 ,0
중성화 수컷(반려견),경상북도 울진군 ,0
중성화 수컷(반려견),경상북도 울릉군 ,0
중성화 수컷(반려견),경상남도 창원시 의창구 ,"120,000"
중성화 수컷(반려견),경상남도 창원시 성산구 ,"180,000"
중성화 수컷(반려견),경상남도 창원시 마산합포구 ,"160,000"
중성화 수컷(반려견),경상남도 창원시 마산회원구 ,"130,000"
중성화 수컷(반려견),경상남도 창원시 진해구 ,"140,000"
중성화 수컷(반려견),경상남도 진주시 ,"150,000"
중성화 수컷(반려견),경상남도 통영시 ,"150,000"
중성화 수컷(반려견),경상남도 사천시 ,"185,000"
중성화 수컷(반려견),경상남도 김해시 ,"150,000"
중성화 수컷(반려견),경상남도 밀양시 ,"100,000"
중성화 수컷(반려견),경상남도 거제시 ,"120,000"
중성화 수컷(반려견),경상남도 양산시 ,"160,000"
중성화 수컷(반려견),경상남도 의령군 ,0
중성화 수컷(반려견),경상남도 함안군 ,0
중성화 수컷(반려견),경상남도 창녕군 ,0
중성화 수컷(반려견),경상남도 고성군 ,0
중성화 수컷(반려견),경상남도 남해군 ,0
중성화 수컷(반려견),경상남도 하동군 ,0
중성화 수컷(반려견),경상남도 산청군 ,0
중성화 수컷(반려견),경상남도 함양군 ,0
중성화 수컷(반려견),경상남도 거창군 ,0
중성화 수컷(반려견),경상남도 합천군 ,0
중성화 수컷(반려견),제주특별자치도 제주시 ,"337,500"
중성화 수컷(반려견),제주특별자치도 서귀포시 ,"250,000"
진료비_야간,서울특별시 종로구 ,"34,833"
진료비_야간,서울특별시 중구 ,"35,166"
진료비_야간,서울특별시 용산구 ,"34,800"
진료비_야간,서울특별시 성동구 ,"35,666"
진료비_야간,서울특별시 광진구 ,"33,000"
진료비_야간,서울특별시 동대문구 ,"34,666"
진료비_야간,서울특별시 중랑구 ,"34,333"
진료비_야간,서울특별시 성북구 ,"36,428"
진료비_야간,서울특별시 강북구 ,"35,300"
진료비_야간,서울특별시 도봉구 ,"37,666"
진료비_야간,서울특별시 노원구 ,"34,666"
진료비_야간,서울특별시 은평구 ,"36,666"
진료비_야간,서울특별시 서대문구 ,"36,833"
진료비_야간,서울특별시 마포구 ,"31,500"
진료비_야간,서울특별시 양천구 ,"42,333"
진료비_야간,서울특별시 강서구 ,"37,333"
진료비_야간,서울특별시 구로구 ,"32,666"
진료비_야간,서울특별시 금천구 ,"30,750"
진료비_야간,서울특별시 영등포구 ,"37,666"
진료비_야간,서울특별시 동작구 ,"34,333"
진료비_야간,서울특별시 관악구 ,"31,166"
진료비_야간,서울특별시 서초구 ,"34,166"
진료비_야간,서울특별시 강남구 ,"45,166"
진료비_야간,서울특별시 송파구 ,"33,800"
진료비_야간,서울특별시 강동구 ,"33,666"
진료비_야간,부산광역시 중구 ,0
진료비_야간,부산광역시 서구 ,0
진료비_야간,부산광역시 동구 ,0
진료비_야간,부산광역시 영도구 ,0
진료비_야간,부산광역시 부산진구 ,0
진료비_야간,부산광역시 동래구 ,0
진료비_야간,부산광역시 남구 ,"51,037"
진료비_야간,부산광역시 북구 ,0
진료비_야간,부산광역시 강서구 ,0
진료비_야간,부산광역시 해운대구 ,"49,250"
진료비_야간,부산광역시 사하구 ,"33,000"
진료비_야간,부산광역시 금정구 ,"39,187"
진료비_야간,부산광역시 연제구 ,"42,000"
진료비_야간,부산광역시 수영구 ,"31,000"
진료비_야간,부산광역시 사상구 ,0
진료비_야간,대구광역시 중구 ,"44,000"
진료비_야간,대구광역시 동구 ,0
진료비_야간,대구광역시 서구 ,"55,000"
진료비_야간,대구광역시 남구 ,0
진료비_야간,대구광역시 북구 ,0
진료비_야간,대구광역시 수성구 ,"36,250"
진료비_야간,대구광역시 달서구 ,"55,000"
진료비_야간,대구광역시 달성군 ,0
진료비_야간,인천광역시 중구 ,0
진료비_야간,인천광역시 동구 ,0
진료비_야간,인천광역시 미추홀구 ,"44,000"
진료비_야간,인천광역시 연수구 ,0
진료비_야간,인천광역시 남동구 ,"27,500"
진료비_야간,인천광역시 부평구 ,"27,400"
진료비_야간,인천광역시 계양구 ,0
진료비_야간,인천광역시 서구 ,"33,000"
진료비_야간,인천광역시 강화군 ,0
진료비_야간,인천광역시 옹진군 ,0
진료비_야간,광주광역시 동구 ,"66,000"
진료비_야간,광주광역시 서구 ,"25,666"
진료비_야간,광주광역시 남구 ,0
진료비_야간,광주광역시 북구 ,"23,000"
진료비_야간,광주광역시 광산구 ,0
진료비_야간,대전광역시 동구 ,"44,000"
진료비_야간,대전광역시 중구 ,0
진료비_야간,대전광역시 서구 ,"33,000"
진료비_야간,대전광역시 유성구 ,"24,833"
진료비_야간,대전광역시 대덕구 ,0
진료비_야간,울산광역시 중구 ,"30,000"
진료비_야간,울산광역시 남구 ,"42,600"
진료비_야간,울산광역시 동구 ,0
진료비_야간,울산광역시 북구 ,"39,000"
진료비_야간,울산광역시 울주군 ,"44,000"
진료비_야간,경기도 수원시 장안구 ,"33,000"
진료비_야간,경기도 수원시 권선구 ,"33,000"
진료비_야간,경기도 수원시 팔달구 ,"38,500"
진료비_야간,경기도 수원시 영통구 ,0
진료비_야간,경기도 성남시 수정구 ,"35,000"
진료비_야간,경기도 성남시 중원구 ,"30,000"
진료비_야간,경기도 성남시 분당구 ,"33,546"
진료비_야간,경기도 안양시 만안구 ,"28,000"
진료비_야간,경기도 안양시 동안구 ,"39,328"
진료비_야간,경기도 안산시 상록구 ,0
진료비_야간,경기도 안산시 단원구 ,0
진료비_야간,경기도 용인시 처인구 ,0
진료비_야간,경기도 용인시 기흥구 ,"27,500"
진료비_야간,경기도 용인시 수지구 ,"33,000"
진료비_야간,경기도 부천시 ,"42,720"
진료비_야간,경기도 광명시 ,"33,000"
진료비_야간,경기도 평택시 ,"44,000"
진료비_야간,경기도 과천시 ,0
진료비_야간,경기도 오산시 ,"33,000"
진료비_야간,경기도 시흥시 ,"33,000"
진료비_야간,경기도 군포시 ,0
진료비_야간,경기도 의왕시 ,0
진료비_야간,경기도 하남시 ,"33,000"
진료비_야간,경기도 이천시 ,0
진료비_야간,경기도 안성시 ,0
진료비_야간,경기도 김포시 ,"55,000"
진료비_야간,경기도 화성시 ,"29,700"
진료비_야간,경기도 광주시 ,0
진료비_야간,경기도 여주시 ,0
진료비_야간,경기도 양평군 ,0
진료비_야간,경기도 고양시 덕양구 ,"34,833"
진료비_야간,경기도 고양시 일산동구 ,"30,000"
진료비_야간,경기도 고양시 일산서구 ,"29,700"
진료비_야간,경기도 의정부시 ,"27,500"
진료비_야간,경기도 동두천시 ,0
진료비_야간,경기도 구리시 ,"27,500"
진료비_야간,경기도 남양주시 ,"27,500"
진료비_야간,경기도 파주시 ,"33,000"
진료비_야간,경기도 양주시 ,0
진료비_야간,경기도 포천시 ,0
진료비_야간,경기도 연천군 ,0
진료비_야간,경기도 가평군 ,0
진료비_야간,강원도 춘천시 ,"50,000"
진료비_야간,강원도 원주시 ,"50,600"
진료비_야간,강원도 강릉시 ,"40,000"
진료비_야간,강원도 동해시 ,"35,000"
진료비_야간,강원도 태백시 ,0
진료비_야간,강원도 속초시 ,"50,000"
진료비_야간,강원도 삼척시 ,0
진료비_야간,강원도 홍천군 ,0
진료비_야간,강원도 횡성군 ,0
진료비_야간,강원도 영월군 ,0
진료비_야간,강원도 평창군 ,0
진료비_야간,강원도 정선군 ,0
진료비_야간,강원도 철원군 ,0
진료비_야간,강원도 화천군 ,0
진료비_야간,강원도 양구군 ,0
진료비_야간,강원도 인제군 ,0
진료비_야간,강원도 고성군 ,0
진료비_야간,강원도 양양군 ,0
진료비_야간,충청북도 청주시 상당구 ,"44,000"
진료비_야간,충청북도 청주시 흥덕구 ,"38,500"
진료비_야간,충청북도 청주시 서원구 ,"42,666"
진료비_야간,충청북도 청주시 청원구 ,"33,000"
진료비_야간,충청북도 충주시 ,"21,250"
진료비_야간,충청북도 제천시 ,"33,000"
진료비_야간,충청북도 보은군 ,0
진료비_야간,충청북도 옥천군 ,0
진료비_야간,충청북도 영동군 ,0
진료비_야간,충청북도 증평군 ,0
진료비_야간,충청북도 진천군 ,0
진료비_야간,충청북도 괴산군 ,0
진료비_야간,충청북도 음성군 ,0
진료비_야간,충청북도 단양군 ,0
진료비_야간,충청남도 천안시 동남구 ,"55,000"
진료비_야간,충청남도 천안시 서북구 ,"49,500"
진료비_야간,충청남도 공주시 ,"50,000"
진료비_야간,충청남도 보령시 ,"33,000"
진료비_야간,충청남도 아산시 ,"50,000"
진료비_야간,충청남도 서산시 ,"30,000"
진료비_야간,충청남도 논산시 ,"40,000"
진료비_야간,충청남도 계룡시 ,0
진료비_야간,충청남도 당진시 ,"50,000"
진료비_야간,충청남도 금산군 ,0
진료비_야간,충청남도 부여군 ,0
진료비_야간,충청남도 서천군 ,0
진료비_야간,충청남도 청양군 ,0
진료비_야간,충청남도 홍성군 ,0
진료비_야간,충청남도 예산군 ,0
진료비_야간,충청남도 태안군 ,0
진료비_야간,전라북도 전주시 완산구 ,"33,000"
진료비_야간,전라북도 전주시 덕진구 ,"25,000"
진료비_야간,전라북도 군산시 ,"40,000"
진료비_야간,전라북도 익산시 ,"30,000"
진료비_야간,전라북도 정읍시 ,"35,000"
진료비_야간,전라북도 남원시 ,"15,000"
진료비_야간,전라북도 김제시 ,"35,000"
진료비_야간,전라북도 완주군 ,0
진료비_야간,전라북도 진안군 ,0
진료비_야간,전라북도 무주군 ,0
진료비_야간,전라북도 장수군 ,0
진료비_야간,전라북도 임실군 ,0
진료비_야간,전라북도 순창군 ,0
진료비_야간,전라북도 고창군 ,0
진료비_야간,전라북도 부안군 ,0
진료비_야간,전라남도 목포시 ,"50,000"
진료비_야간,전라남도 여수시 ,"40,000"
진료비_야간,전라남도 순천시 ,"35,000"
진료비_야간,전라남도 나주시 ,"45,000"
진료비_야간,전라남도 광양시 ,"50,000"
진료비_야간,전라남도 담양군 ,0
진료비_야간,전라남도 곡성군 ,0
진료비_야간,전라남도 구례군 ,0
진료비_야간,전라남도 고흥군 ,0
진료비_야간,전라남도 보성군 ,0
진료비_야간,전라남도 화순군 ,0
진료비_야간,전라남도 장흥군 ,0
진료비_야간,전라남도 강진군 ,0
진료비_야간,전라남도 해남군 ,0
진료비_야간,전라남도 영암군 ,0
진료비_야간,전라남도 무안군 ,0
진료비_야간,전라남도 함평군 ,0
진료비_야간,전라남도 영광군 ,0
진료비_야간,전라남도 장성군 ,0
진료비_야간,전라남도 완도군 ,0
진료비_야간,전라남도 진도군 ,0
진료비_야간,전라남도 신안군 ,0
진료비_야간,경상북도 포항시 남구 ,"33,000"
진료비_야간,경상북도 포항시 북구 ,"32,500"
진료비_야간,경상북도 경주시 ,"32,000"
진료비_야간,경상북도 김천시 ,"30,000"
진료비_야간,경상북도 안동시 ,"35,000"
진료비_야간,경상북도 구미시 ,"33,000"
진료비_야간,경상북도 영주시 ,"32,000"
진료비_야간,경상북도 영천시 ,"30,000"
진료비_야간,경상북도 상주시 ,"32,000"
진료비_야간,경상북도 문경시 ,"33,000"
진료비_야간,경상북도 경산시 ,"32,000"
진료비_야간,경상북도 군위군 ,0
진료비_야간,경상북도 의성군 ,0
진료비_야간,경상북도 청송군 ,0
진료비_야간,경상북도 영양군 ,0
진료비_야간,경상북도 영덕군 ,0
진료비_야간,경상북도 청도군 ,0
진료비_야간,경상북도 고령군 ,0
진료비_야간,경상북도 성주군 ,0
진료비_야간,경상북도 칠곡군 ,0
진료비_야간,경상북도 예천군 ,0
진료비_야간,경상북도 봉화군 ,0
진료비_야간,경상북도 울진군 ,0
진료비_야간,경상북도 울릉군 ,0
진료비_야간,경상남도 창원시 의창구 ,"45,000"
진료비_야간,경상남도 창원시 성산구 ,"33,000"
진료비_야간,경상남도 창원시 마산합포구 ,"40,000"
진료비_야간,경상남도 창원시 마산회원구 ,"50,000"
진료비_야간,경상남도 창원시 진해구 ,"35,000"
진료비_야간,경상남도 진주시 ,"50,000"
진료비_야간,경상남도 통영시 ,"48,000"
진료비_야간,경상남도 사천시 ,"45,000"
진료비_야간,경상남도 김해시 ,"35,000"
진료비_야간,경상남도 밀양시 ,"50,000"
진료비_야간,경상남도 거제시 ,"55,000"
진료비_야간,경상남도 양산시 ,"45,000"
진료비_야간,경상남도 의령군 ,0
진료비_야간,경상남도 함안군 ,0
진료비_야간,경상남도 창녕군 ,0
진료비_야간,경상남도 고성군 ,0
진료비_야간,경상남도 남해군 ,0
진료비_야간,경상남도 하동군 ,0
진료비_야간,경상남도 산청군 ,0
진료비_야간,경상남도 함양군 ,0
진료비_야간,경상남도 거창군 ,0
진료비_야간,경상남도 합천군 ,0
진료비_야간,제주특별자치도 제주시 ,"42,166"
진료비_야간,제주특별자치도 서귀포시 ,"50,000"
진료비_재진,서울특별시 종로구 ,"5,500"
진료비_재진,서울특별시 중구 ,"5,375"
진료비_재진,서울특별시 용산구 ,"6,600"
진료비_재진,서울특별시 성동구 ,"6,462"
진료비_재진,서울특별시 광진구 ,"6,233"
진료비_재진,서울특별시 동대문구 ,"3,740"
진료비_재진,서울특별시 중랑구 ,"6,871"
진료비_재진,서울특별시 성북구 ,"6,542"
진료비_재진,서울특별시 강북구 ,"7,700"
진료비_재진,서울특별시 도봉구 ,"6,633"
진료비_재진,서울특별시 노원구 ,"11,750"
진료비_재진,서울특별시 은평구 ,"5,203"
진료비_재진,서울특별시 서대문구 ,"4,328"
진료비_재진,서울특별시 마포구 ,"5,510"
진료비_재진,서울특별시 양천구 ,"7,427"
진료비_재진,서울특별시 강서구 ,"5,866"
진료비_재진,서울특별시 구로구 ,"5,940"
진료비_재진,서울특별시 금천구 ,"15,766"
진료비_재진,서울특별시 영등포구 ,"6,472"
진료비_재진,서울특별시 동작구 ,"5,280"
진료비_재진,서울특별시 관악구 ,"13,462"
진료비_재진,서울특별시 서초구 ,"8,091"
진료비_재진,서울특별시 강남구 ,"10,375"
진료비_재진,서울특별시 송파구 ,"7,483"
진료비_재진,서울특별시 강동구 ,"5,390"
진료비_재진,부산광역시 중구 ,0
진료비_재진,부산광역시 서구 ,0
진료비_재진,부산광역시 동구 ,0
진료비_재진,부산광역시 영도구 ,0
진료비_재진,부산광역시 부산진구 ,"8,800"
진료비_재진,부산광역시 동래구 ,"6,466"
진료비_재진,부산광역시 남구 ,"5,500"
진료비_재진,부산광역시 북구 ,"6,966"
진료비_재진,부산광역시 강서구 ,0
진료비_재진,부산광역시 해운대구 ,"7,157"
진료비_재진,부산광역시 사하구 ,"3,500"
진료비_재진,부산광역시 금정구 ,"11,000"
진료비_재진,부산광역시 연제구 ,"19,900"
진료비_재진,부산광역시 수영구 ,"6,066"
진료비_재진,부산광역시 사상구 ,0
진료비_재진,대구광역시 중구 ,"5,500"
진료비_재진,대구광역시 동구 ,"6,466"
진료비_재진,대구광역시 서구 ,0
진료비_재진,대구광역시 남구 ,0
진료비_재진,대구광역시 북구 ,"6,900"
진료비_재진,대구광역시 수성구 ,"9,533"
진료비_재진,대구광역시 달서구 ,"5,333"
진료비_재진,대구광역시 달성군 ,"4,400"
진료비_재진,인천광역시 중구 ,0
진료비_재진,인천광역시 동구 ,0
진료비_재진,인천광역시 미추홀구 ,"4,950"
진료비_재진,인천광역시 연수구 ,"6,233"
진료비_재진,인천광역시 남동구 ,"5,995"
진료비_재진,인천광역시 부평구 ,"4,557"
진료비_재진,인천광역시 계양구 ,"5,060"
진료비_재진,인천광역시 서구 ,"3,850"
진료비_재진,인천광역시 강화군 ,0
진료비_재진,인천광역시 옹진군 ,0
진료비_재진,광주광역시 동구 ,"8,000"
진료비_재진,광주광역시 서구 ,"7,700"
진료비_재진,광주광역시 남구 ,"3,300"
진료비_재진,광주광역시 북구 ,"7,700"
진료비_재진,광주광역시 광산구 ,"5,500"
진료비_재진,대전광역시 동구 ,"7,000"
진료비_재진,대전광역시 중구 ,"5,500"
진료비_재진,대전광역시 서구 ,"8,066"
진료비_재진,대전광역시 유성구 ,"8,642"
진료비_재진,대전광역시 대덕구 ,"4,400"
진료비_재진,울산광역시 중구 ,"8,800"
진료비_재진,울산광역시 남구 ,"11,000"
진료비_재진,울산광역시 동구 ,0
진료비_재진,울산광역시 북구 ,0
진료비_재진,울산광역시 울주군 ,0
진료비_재진,경기도 수원시 장안구 ,"6,750"
진료비_재진,경기도 수원시 권선구 ,"5,766"
진료비_재진,경기도 수원시 팔달구 ,"5,971"
진료비_재진,경기도 수원시 영통구 ,"4,975"
진료비_재진,경기도 성남시 수정구 ,0
진료비_재진,경기도 성남시 중원구 ,"4,400"
진료비_재진,경기도 성남시 분당구 ,"9,232"
진료비_재진,경기도 안양시 만안구 ,"11,000"
진료비_재진,경기도 안양시 동안구 ,"8,580"
진료비_재진,경기도 안산시 상록구 ,0
진료비_재진,경기도 안산시 단원구 ,"5,500"
진료비_재진,경기도 용인시 처인구 ,0
진료비_재진,경기도 용인시 기흥구 ,"3,300"
진료비_재진,경기도 용인시 수지구 ,"5,025"
진료비_재진,경기도 부천시 ,"4,790"
진료비_재진,경기도 광명시 ,"7,100"
진료비_재진,경기도 평택시 ,"5,500"
진료비_재진,경기도 과천시 ,0
진료비_재진,경기도 오산시 ,"4,180"
진료비_재진,경기도 시흥시 ,"4,644"
진료비_재진,경기도 군포시 ,"3,300"
진료비_재진,경기도 의왕시 ,0
진료비_재진,경기도 하남시 ,"3,300"
진료비_재진,경기도 이천시 ,0
진료비_재진,경기도 안성시 ,0
진료비_재진,경기도 김포시 ,"5,348"
진료비_재진,경기도 화성시 ,"6,233"
진료비_재진,경기도 광주시 ,"8,800"
진료비_재진,경기도 여주시 ,0
진료비_재진,경기도 양평군 ,0
진료비_재진,경기도 고양시 덕양구 ,"6,462"
진료비_재진,경기도 고양시 일산동구 ,"6,355"
진료비_재진,경기도 고양시 일산서구 ,0
진료비_재진,경기도 의정부시 ,"5,912"
진료비_재진,경기도 동두천시 ,0
진료비_재진,경기도 구리시 ,"10,912"
진료비_재진,경기도 남양주시 ,"5,225"
진료비_재진,경기도 파주시 ,"4,840"
진료비_재진,경기도 양주시 ,"5,500"
진료비_재진,경기도 포천시 ,0
진료비_재진,경기도 연천군 ,0
진료비_재진,경기도 가평군 ,0
진료비_재진,강원도 춘천시 ,"5,500"
진료비_재진,강원도 원주시 ,"5,850"
진료비_재진,강원도 강릉시 ,"5,500"
진료비_재진,강원도 동해시 ,"4,000"
진료비_재진,강원도 태백시 ,0
진료비_재진,강원도 속초시 ,"6,500"
진료비_재진,강원도 삼척시 ,0
진료비_재진,강원도 홍천군 ,0
진료비_재진,강원도 횡성군 ,"3,300"
진료비_재진,강원도 영월군 ,0
진료비_재진,강원도 평창군 ,0
진료비_재진,강원도 정선군 ,0
진료비_재진,강원도 철원군 ,0
진료비_재진,강원도 화천군 ,0
진료비_재진,강원도 양구군 ,0
진료비_재진,강원도 인제군 ,"3,000"
진료비_재진,강원도 고성군 ,0
진료비_재진,강원도 양양군 ,0
진료비_재진,충청북도 청주시 상당구 ,"5,000"
진료비_재진,충청북도 청주시 흥덕구 ,"6,000"
진료비_재진,충청북도 청주시 서원구 ,"11,000"
진료비_재진,충청북도 청주시 청원구 ,"5,500"
진료비_재진,충청북도 충주시 ,"5,750"
진료비_재진,충청북도 제천시 ,"5,500"
진료비_재진,충청북도 보은군 ,0
진료비_재진,충청북도 옥천군 ,0
진료비_재진,충청북도 영동군 ,0
진료비_재진,충청북도 증평군 ,0
진료비_재진,충청북도 진천군 ,0
진료비_재진,충청북도 괴산군 ,0
진료비_재진,충청북도 음성군 ,"5,000"
진료비_재진,충청북도 단양군 ,0
진료비_재진,충청남도 천안시 동남구 ,"6,000"
진료비_재진,충청남도 천안시 서북구 ,"16,683"
진료비_재진,충청남도 공주시 ,"5,000"
진료비_재진,충청남도 보령시 ,"8,000"
진료비_재진,충청남도 아산시 ,"5,166"
진료비_재진,충청남도 서산시 ,"11,000"
진료비_재진,충청남도 논산시 ,"8,000"
진료비_재진,충청남도 계룡시 ,0
진료비_재진,충청남도 당진시 ,"7,000"
진료비_재진,충청남도 금산군 ,0
진료비_재진,충청남도 부여군 ,0
진료비_재진,충청남도 서천군 ,0
진료비_재진,충청남도 청양군 ,0
진료비_재진,충청남도 홍성군 ,"4,400"
진료비_재진,충청남도 예산군 ,0
진료비_재진,충청남도 태안군 ,0
진료비_재진,전라북도 전주시 완산구 ,"3,609"
진료비_재진,전라북도 전주시 덕진구 ,"4,500"
진료비_재진,전라북도 군산시 ,"5,500"
진료비_재진,전라북도 익산시 ,"11,000"
진료비_재진,전라북도 정읍시 ,"8,000"
진료비_재진,전라북도 남원시 ,"6,500"
진료비_재진,전라북도 김제시 ,"10,000"
진료비_재진,전라북도 완주군 ,0
진료비_재진,전라북도 진안군 ,0
진료비_재진,전라북도 무주군 ,0
진료비_재진,전라북도 장수군 ,0
진료비_재진,전라북도 임실군 ,0
진료비_재진,전라북도 순창군 ,0
진료비_재진,전라북도 고창군 ,0
진료비_재진,전라북도 부안군 ,0
진료비_재진,전라남도 목포시 ,"5,500"
진료비_재진,전라남도 여수시 ,"4,500"
진료비_재진,전라남도 순천시 ,"3,500"
진료비_재진,전라남도 나주시 ,"5,000"
진료비_재진,전라남도 광양시 ,"6,500"
진료비_재진,전라남도 담양군 ,0
진료비_재진,전라남도 곡성군 ,0
진료비_재진,전라남도 구례군 ,0
진료비_재진,전라남도 고흥군 ,0
진료비_재진,전라남도 보성군 ,0
진료비_재진,전라남도 화순군 ,0
진료비_재진,전라남도 장흥군 ,0
진료비_재진,전라남도 강진군 ,0
진료비_재진,전라남도 해남군 ,0
진료비_재진,전라남도 영암군 ,0
진료비_재진,전라남도 무안군 ,0
진료비_재진,전라남도 함평군 ,0
진료비_재진,전라남도 영광군 ,0
진료비_재진,전라남도 장성군 ,0
진료비_재진,전라남도 완도군 ,0
진료비_재진,전라남도 진도군 ,0
진료비_재진,전라남도 신안군 ,0
진료비_재진,경상북도 포항시 남구 ,"5,500"
진료비_재진,경상북도 포항시 북구 ,"4,500"
진료비_재진,경상북도 경주시 ,"5,000"
진료비_재진,경상북도 김천시 ,"6,500"
진료비_재진,경상북도 안동시 ,"6,000"
진료비_재진,경상북도 구미시 ,"5,000"
진료비_재진,경상북도 영주시 ,"5,500"
진료비_재진,경상북도 영천시 ,"4,000"
진료비_재진,경상북도 상주시 ,"4,500"
진료비_재진,경상북도 문경시 ,"5,500"
진료비_재진,경상북도 경산시 ,"6,600"
진료비_재진,경상북도 군위군 ,0
진료비_재진,경상북도 의성군 ,0
진료비_재진,경상북도 청송군 ,0
진료비_재진,경상북도 영양군 ,0
진료비_재진,경상북도 영덕군 ,0
진료비_재진,경상북도 청도군 ,0
진료비_재진,경상북도 고령군 ,0
진료비_재진,경상북도 성주군 ,0
진료비_재진,경상북도 칠곡군 ,0
진료비_재진,경상북도 예천군 ,0
진료비_재진,경상북도 봉화군 ,0
진료비_재진,경상북도 울진군 ,0
진료비_재진,경상북도 울릉군 ,0
진료비_재진,경상남도 창원시 의창구 ,"8,800"
진료비_재진,경상남도 창원시 성산구 ,"6,500"
진료비_재진,경상남도 창원시 마산합포구 ,"7,000"
진료비_재진,경상남도 창원시 마산회원구 ,"7,500"
진료비_재진,경상남도 창원시 진해구 ,"6,000"
진료비_재진,경상남도 진주시 ,"5,875"
진료비_재진,경상남도 통영시 ,"8,000"
진료비_재진,경상남도 사천시 ,"5,500"
진료비_재진,경상남도 김해시 ,"8,500"
진료비_재진,경상남도 밀양시 ,"7,000"
진료비_재진,경상남도 거제시 ,"8,800"
진료비_재진,경상남도 양산시 ,"7,975"
진료비_재진,경상남도 의령군 ,0
진료비_재진,경상남도 함안군 ,0
진료비_재진,경상남도 창녕군 ,0
진료비_재진,경상남도 고성군 ,0
진료비_재진,경상남도 남해군 ,0
진료비_재진,경상남도 하동군 ,0
진료비_재진,경상남도 산청군 ,0
진료비_재진,경상남도 함양군 ,0
진료비_재진,경상남도 거창군 ,"5,000"
진료비_재진,경상남도 합천군 ,0
진료비_재진,제주특별자치도 제주시 ,"8,690"
진료비_재진,제주특별자치도 서귀포시 ,"12,000"
진료비_초진,서울특별시 종로구 ,"7,480"
진료비_초진,서울특별시 중구 ,"8,823"
진료비_초진,서울특별시 용산구 ,"9,533"
진료비_초진,서울특별시 성동구 ,"10,100"
진료비_초진,서울특별시 광진구 ,"7,715"
진료비_초진,서울특별시 동대문구 ,"7,350"
진료비_초진,서울특별시 중랑구 ,"10,000"
진료비_초진,서울특별시 성북구 ,"7,590"
진료비_초진,서울특별시 강북구 ,"10,633"
진료비_초진,서울특별시 도봉구 ,"8,525"
진료비_초진,서울특별시 노원구 ,"14,487"
진료비_초진,서울특별시 은평구 ,"5,934"
진료비_초진,서울특별시 서대문구 ,"6,600"
진료비_초진,서울특별시 마포구 ,"8,321"
진료비_초진,서울특별시 양천구 ,"8,960"
진료비_초진,서울특별시 강서구 ,"7,464"
진료비_초진,서울특별시 구로구 ,"7,823"
진료비_초진,서울특별시 금천구 ,"9,428"
진료비_초진,서울특별시 영등포구 ,"6,864"
진료비_초진,서울특별시 동작구 ,"6,750"
진료비_초진,서울특별시 관악구 ,"11,925"
진료비_초진,서울특별시 서초구 ,"9,724"
진료비_초진,서울특별시 강남구 ,"12,279"
진료비_초진,서울특별시 송파구 ,"7,531"
진료비_초진,서울특별시 강동구 ,"6,461"
진료비_초진,부산광역시 중구 ,"8,800"
진료비_초진,부산광역시 서구 ,0
진료비_초진,부산광역시 동구 ,"8,000"
진료비_초진,부산광역시 영도구 ,"6,000"
진료비_초진,부산광역시 부산진구 ,"8,708"
진료비_초진,부산광역시 동래구 ,"10,370"
진료비_초진,부산광역시 남구 ,"8,758"
진료비_초진,부산광역시 북구 ,"9,060"
진료비_초진,부산광역시 강서구 ,"5,000"
진료비_초진,부산광역시 해운대구 ,"10,255"
진료비_초진,부산광역시 사하구 ,"13,675"
진료비_초진,부산광역시 금정구 ,"15,163"
진료비_초진,부산광역시 연제구 ,"13,460"
진료비_초진,부산광역시 수영구 ,"10,368"
진료비_초진,부산광역시 사상구 ,"6,000"
진료비_초진,대구광역시 중구 ,"4,611"
진료비_초진,대구광역시 동구 ,"6,858"
진료비_초진,대구광역시 서구 ,"10,450"
진료비_초진,대구광역시 남구 ,0
진료비_초진,대구광역시 북구 ,"10,404"
진료비_초진,대구광역시 수성구 ,"11,003"
진료비_초진,대구광역시 달서구 ,"8,154"
진료비_초진,대구광역시 달성군 ,"7,425"
진료비_초진,인천광역시 중구 ,"5,500"
진료비_초진,인천광역시 동구 ,"8,000"
진료비_초진,인천광역시 미추홀구 ,"6,775"
진료비_초진,인천광역시 연수구 ,"6,900"
진료비_초진,인천광역시 남동구 ,"8,118"
진료비_초진,인천광역시 부평구 ,"6,100"
진료비_초진,인천광역시 계양구 ,"7,927"
진료비_초진,인천광역시 서구 ,"5,573"
진료비_초진,인천광역시 강화군 ,"5,500"
진료비_초진,인천광역시 옹진군 ,0
진료비_초진,광주광역시 동구 ,"8,750"
진료비_초진,광주광역시 서구 ,"8,111"
진료비_초진,광주광역시 남구 ,"7,480"
진료비_초진,광주광역시 북구 ,"8,014"
진료비_초진,광주광역시 광산구 ,"9,063"
진료비_초진,대전광역시 동구 ,"8,600"
진료비_초진,대전광역시 중구 ,"7,500"
진료비_초진,대전광역시 서구 ,"10,752"
진료비_초진,대전광역시 유성구 ,"10,064"
진료비_초진,대전광역시 대덕구 ,"8,800"
진료비_초진,울산광역시 중구 ,"7,900"
진료비_초진,울산광역시 남구 ,"9,696"
진료비_초진,울산광역시 동구 ,"7,700"
진료비_초진,울산광역시 북구 ,"5,700"
진료비_초진,울산광역시 울주군 ,"8,025"
진료비_초진,경기도 수원시 장안구 ,"10,047"
진료비_초진,경기도 수원시 권선구 ,"7,950"
진료비_초진,경기도 수원시 팔달구 ,"10,740"
진료비_초진,경기도 수원시 영통구 ,"6,568"
진료비_초진,경기도 성남시 수정구 ,"6,250"
진료비_초진,경기도 성남시 중원구 ,"6,966"
진료비_초진,경기도 성남시 분당구 ,"10,988"
진료비_초진,경기도 안양시 만안구 ,"8,100"
진료비_초진,경기도 안양시 동안구 ,"9,552"
진료비_초진,경기도 안산시 상록구 ,"5,500"
진료비_초진,경기도 안산시 단원구 ,"11,564"
진료비_초진,경기도 용인시 처인구 ,"6,875"
진료비_초진,경기도 용인시 기흥구 ,"5,752"
진료비_초진,경기도 용인시 수지구 ,"9,411"
진료비_초진,경기도 부천시 ,"7,043"
진료비_초진,경기도 광명시 ,"8,288"
진료비_초진,경기도 평택시 ,"7,871"
진료비_초진,경기도 과천시 ,"8,250"
진료비_초진,경기도 오산시 ,"7,211"
진료비_초진,경기도 시흥시 ,"5,920"
진료비_초진,경기도 군포시 ,"6,600"
진료비_초진,경기도 의왕시 ,"11,000"
진료비_초진,경기도 하남시 ,"8,531"
진료비_초진,경기도 이천시 ,"8,800"
진료비_초진,경기도 안성시 ,"5,500"
진료비_초진,경기도 김포시 ,"7,721"
진료비_초진,경기도 화성시 ,"8,054"
진료비_초진,경기도 광주시 ,"7,655"
진료비_초진,경기도 여주시 ,"5,500"
진료비_초진,경기도 양평군 ,"7,700"
진료비_초진,경기도 고양시 덕양구 ,"7,172"
진료비_초진,경기도 고양시 일산동구 ,"7,112"
진료비_초진,경기도 고양시 일산서구 ,"11,305"
진료비_초진,경기도 의정부시 ,"7,080"
진료비_초진,경기도 동두천시 ,"6,175"
진료비_초진,경기도 구리시 ,"6,396"
진료비_초진,경기도 남양주시 ,"8,219"
진료비_초진,경기도 파주시 ,"6,050"
진료비_초진,경기도 양주시 ,"6,938"
진료비_초진,경기도 포천시 ,"8,800"
진료비_초진,경기도 연천군 ,0
진료비_초진,경기도 가평군 ,0
진료비_초진,강원도 춘천시 ,"6,765"
진료비_초진,강원도 원주시 ,"7,529"
진료비_초진,강원도 강릉시 ,"10,340"
진료비_초진,강원도 동해시 ,"9,000"
진료비_초진,강원도 태백시 ,0
진료비_초진,강원도 속초시 ,"7,750"
진료비_초진,강원도 삼척시 ,0
진료비_초진,강원도 홍천군 ,"8,000"
진료비_초진,강원도 횡성군 ,0
진료비_초진,강원도 영월군 ,0
진료비_초진,강원도 평창군 ,0
진료비_초진,강원도 정선군 ,0
진료비_초진,강원도 철원군 ,0
진료비_초진,강원도 화천군 ,0
진료비_초진,강원도 양구군 ,0
진료비_초진,강원도 인제군 ,"4,000"
진료비_초진,강원도 고성군 ,0
진료비_초진,강원도 양양군 ,0
진료비_초진,충청북도 청주시 상당구 ,"5,333"
진료비_초진,충청북도 청주시 흥덕구 ,"6,187"
진료비_초진,충청북도 청주시 서원구 ,"11,349"
진료비_초진,충청북도 청주시 청원구 ,"10,000"
진료비_초진,충청북도 충주시 ,"5,700"
진료비_초진,충청북도 제천시 ,"5,500"
진료비_초진,충청북도 보은군 ,0
진료비_초진,충청북도 옥천군 ,0
진료비_초진,충청북도 영동군 ,0
진료비_초진,충청북도 증평군 ,0
진료비_초진,충청북도 진천군 ,0
진료비_초진,충청북도 괴산군 ,0
진료비_초진,충청북도 음성군 ,0
진료비_초진,충청북도 단양군 ,0
진료비_초진,충청남도 천안시 동남구 ,"10,666"
진료비_초진,충청남도 천안시 서북구 ,"11,501"
진료비_초진,충청남도 공주시 ,"7,333"
진료비_초진,충청남도 보령시 ,"8,000"
진료비_초진,충청남도 아산시 ,"6,700"
진료비_초진,충청남도 서산시 ,"8,200"
진료비_초진,충청남도 논산시 ,"5,666"
진료비_초진,충청남도 계룡시 ,0
진료비_초진,충청남도 당진시 ,"5,250"
진료비_초진,충청남도 금산군 ,0
진료비_초진,충청남도 부여군 ,0
진료비_초진,충청남도 서천군 ,0
진료비_초진,충청남도 청양군 ,0
진료비_초진,충청남도 홍성군 ,"6,160"
진료비_초진,충청남도 예산군 ,0
진료비_초진,충청남도 태안군 ,"11,000"
진료비_초진,전라북도 전주시 완산구 ,"6,912"
진료비_초진,전라북도 전주시 덕진구 ,"5,988"
진료비_초진,전라북도 군산시 ,"9,606"
진료비_초진,전라북도 익산시 ,"12,966"
진료비_초진,전라북도 정읍시 ,"9,000"
진료비_초진,전라북도 남원시 ,"5,500"
진료비_초진,전라북도 김제시 ,"6,500"
진료비_초진,전라북도 완주군 ,"5,500"
진료비_초진,전라북도 진안군 ,0
진료비_초진,전라북도 무주군 ,0
진료비_초진,전라북도 장수군 ,0
진료비_초진,전라북도 임실군 ,0
진료비_초진,전라북도 순창군 ,0
진료비_초진,전라북도 고창군 ,0
진료비_초진,전라북도 부안군 ,0
진료비_초진,전라남도 목포시 ,"7,300"
진료비_초진,전라남도 여수시 ,"6,650"
진료비_초진,전라남도 순천시 ,"7,480"
진료비_초진,전라남도 나주시 ,"5,500"
진료비_초진,전라남도 광양시 ,"5,500"
진료비_초진,전라남도 담양군 ,0
진료비_초진,전라남도 곡성군 ,0
진료비_초진,전라남도 구례군 ,0
진료비_초진,전라남도 고흥군 ,0
진료비_초진,전라남도 보성군 ,0
진료비_초진,전라남도 화순군 ,0
진료비_초진,전라남도 장흥군 ,0
진료비_초진,전라남도 강진군 ,0
진료비_초진,전라남도 해남군 ,0
진료비_초진,전라남도 영암군 ,0
진료비_초진,전라남도 무안군 ,0
진료비_초진,전라남도 함평군 ,0
진료비_초진,전라남도 영광군 ,0
진료비_초진,전라남도 장성군 ,0
진료비_초진,전라남도 완도군 ,0
진료비_초진,전라남도 진도군 ,0
진료비_초진,전라남도 신안군 ,0
진료비_초진,경상북도 포항시 남구 ,"6,200"
진료비_초진,경상북도 포항시 북구 ,"7,287"
진료비_초진,경상북도 경주시 ,"7,150"
진료비_초진,경상북도 김천시 ,"5,500"
진료비_초진,경상북도 안동시 ,"4,400"
진료비_초진,경상북도 구미시 ,"5,837"
진료비_초진,경상북도 영주시 ,"6,000"
진료비_초진,경상북도 영천시 ,"5,500"
진료비_초진,경상북도 상주시 ,"5,000"
진료비_초진,경상북도 문경시 ,"4,500"
진료비_초진,경상북도 경산시 ,"6,757"
진료비_초진,경상북도 군위군 ,0
진료비_초진,경상북도 의성군 ,0
진료비_초진,경상북도 청송군 ,0
진료비_초진,경상북도 영양군 ,0
진료비_초진,경상북도 영덕군 ,0
진료비_초진,경상북도 청도군 ,0
진료비_초진,경상북도 고령군 ,0
진료비_초진,경상북도 성주군 ,0
진료비_초진,경상북도 칠곡군 ,0
진료비_초진,경상북도 예천군 ,0
진료비_초진,경상북도 봉화군 ,0
진료비_초진,경상북도 울진군 ,0
진료비_초진,경상북도 울릉군 ,0
진료비_초진,경상남도 창원시 의창구 ,"8,800"
진료비_초진,경상남도 창원시 성산구 ,"9,313"
진료비_초진,경상남도 창원시 마산합포구 ,"7,700"
진료비_초진,경상남도 창원시 마산회원구 ,"9,350"
진료비_초진,경상남도 창원시 진해구 ,"8,000"
진료비_초진,경상남도 진주시 ,"6,063"
진료비_초진,경상남도 통영시 ,"6,500"
진료비_초진,경상남도 사천시 ,"8,800"
진료비_초진,경상남도 김해시 ,"6,485"
진료비_초진,경상남도 밀양시 ,"6,500"
진료비_초진,경상남도 거제시 ,"9,444"
진료비_초진,경상남도 양산시 ,"7,700"
진료비_초진,경상남도 의령군 ,0
진료비_초진,경상남도 함안군 ,0
진료비_초진,경상남도 창녕군 ,0
진료비_초진,경상남도 고성군 ,0
진료비_초진,경상남도 남해군 ,0
진료비_초진,경상남도 하동군 ,0
진료비_초진,경상남도 산청군 ,0
진료비_초진,경상남도 함양군 ,0
진료비_초진,경상남도 거창군 ,0
진료비_초진,경상남도 합천군 ,0
진료비_초진,제주특별자치도 제주시 ,"10,764"
진료비_초진,제주특별자치도 서귀포시 ,"6,325"
건강검진_기본,서울특별시 종로구 ,"150,000"
건강검진_기본,서울특별시 중구 ,"256,666"
건강검진_기본,서울특별시 용산구 ,"206,666"
건강검진_기본,서울특별시 성동구 ,"165,000"
건강검진_기본,서울특별시 광진구 ,"180,000"
건강검진_기본,서울특별시 동대문구 ,"205,000"
건강검진_기본,서울특별시 중랑구 ,"172,200"
건강검진_기본,서울특별시 성북구 ,"173,000"
건강검진_기본,서울특별시 강북구 ,"250,000"
건강검진_기본,서울특별시 도봉구 ,"200,000"
건강검진_기본,서울특별시 노원구 ,"174,500"
건강검진_기본,서울특별시 은평구 ,"233,200"
건강검진_기본,서울특별시 서대문구 ,"200,000"
건강검진_기본,서울특별시 마포구 ,"197,625"
건강검진_기본,서울특별시 양천구 ,"214,833"
건강검진_기본,서울특별시 강서구 ,"206,000"
건강검진_기본,서울특별시 구로구 ,"136,666"
건강검진_기본,서울특별시 금천구 ,"275,000"
건강검진_기본,서울특별시 영등포구 ,"144,000"
건강검진_기본,서울특별시 동작구 ,"216,666"
건강검진_기본,서울특별시 관악구 ,"228,750"
건강검진_기본,서울특별시 서초구 ,"126,000"
건강검진_기본,서울특별시 강남구 ,"156,750"
건강검진_기본,서울특별시 송파구 ,"112,666"
건강검진_기본,서울특별시 강동구 ,"182,500"
건강검진_기본,부산광역시 중구 ,"200,000"
건강검진_기본,부산광역시 서구 ,"200,000"
건강검진_기본,부산광역시 동구 ,"150,000"
건강검진_기본,부산광역시 영도구 ,"240,000"
건강검진_기본,부산광역시 부산진구 ,"180,000"
건강검진_기본,부산광역시 동래구 ,"143,571"
건강검진_기본,부산광역시 남구 ,"203,400"
건강검진_기본,부산광역시 북구 ,"250,000"
건강검진_기본,부산광역시 강서구 ,"150,000"
건강검진_기본,부산광역시 해운대구 ,"181,666"
건강검진_기본,부산광역시 사하구 ,"174,500"
건강검진_기본,부산광역시 금정구 ,"188,000"
건강검진_기본,부산광역시 연제구 ,"131,750"
건강검진_기본,부산광역시 수영구 ,"280,000"
건강검진_기본,부산광역시 사상구 ,"210,000"
건강검진_기본,대구광역시 중구 ,"150,000"
건강검진_기본,대구광역시 동구 ,"223,333"
건강검진_기본,대구광역시 서구 ,"120,000"
건강검진_기본,대구광역시 남구 ,"180,000"
건강검진_기본,대구광역시 북구 ,"165,000"
건강검진_기본,대구광역시 수성구 ,"152,250"
건강검진_기본,대구광역시 달서구 ,"190,000"
건강검진_기본,대구광역시 달성군 ,0
건강검진_기본,인천광역시 중구 ,"240,500"
건강검진_기본,인천광역시 동구 ,"227,500"
건강검진_기본,인천광역시 미추홀구 ,"149,750"
건강검진_기본,인천광역시 연수구 ,"124,500"
건강검진_기본,인천광역시 남동구 ,"160,285"
건강검진_기본,인천광역시 부평구 ,"166,250"
건강검진_기본,인천광역시 계양구 ,"120,000"
건강검진_기본,인천광역시 서구 ,"195,250"
건강검진_기본,인천광역시 강화군 ,0
건강검진_기본,인천광역시 옹진군 ,0
건강검진_기본,광주광역시 동구 ,"180,000"
건강검진_기본,광주광역시 서구 ,"160,000"
건강검진_기본,광주광역시 남구 ,"120,000"
건강검진_기본,광주광역시 북구 ,"200,000"
건강검진_기본,광주광역시 광산구 ,"240,000"
건강검진_기본,대전광역시 동구 ,"230,000"
건강검진_기본,대전광역시 중구 ,"270,000"
건강검진_기본,대전광역시 서구 ,"126,666"
건강검진_기본,대전광역시 유성구 ,"250,000"
건강검진_기본,대전광역시 대덕구 ,"160,000"
건강검진_기본,울산광역시 중구 ,"280,000"
건강검진_기본,울산광역시 남구 ,"235,426"
건강검진_기본,울산광역시 동구 ,"150,000"
건강검진_기본,울산광역시 북구 ,"150,000"
건강검진_기본,울산광역시 울주군 ,0
건강검진_기본,경기도 수원시 장안구 ,"220,000"
건강검진_기본,경기도 수원시 권선구 ,"260,000"
건강검진_기본,경기도 수원시 팔달구 ,"200,000"
건강검진_기본,경기도 수원시 영통구 ,"225,500"
건강검진_기본,경기도 성남시 수정구 ,"123,666"
건강검진_기본,경기도 성남시 중원구 ,"292,500"
건강검진_기본,경기도 성남시 분당구 ,"145,000"
건강검진_기본,경기도 안양시 만안구 ,"90,000"
건강검진_기본,경기도 안양시 동안구 ,"157,600"
건강검진_기본,경기도 안산시 상록구 ,"160,000"
건강검진_기본,경기도 안산시 단원구 ,"200,000"
건강검진_기본,경기도 용인시 처인구 ,"165,000"
건강검진_기본,경기도 용인시 기흥구 ,"173,333"
건강검진_기본,경기도 용인시 수지구 ,"230,000"
건강검진_기본,경기도 부천시 ,"245,000"
건강검진_기본,경기도 광명시 ,"179,040"
건강검진_기본,경기도 평택시 ,"275,000"
건강검진_기본,경기도 과천시 ,"200,000"
건강검진_기본,경기도 오산시 ,"147,500"
건강검진_기본,경기도 시흥시 ,"244,000"
건강검진_기본,경기도 군포시 ,"140,000"
건강검진_기본,경기도 의왕시 ,"135,000"
건강검진_기본,경기도 하남시 ,"141,000"
건강검진_기본,경기도 이천시 ,"300,000"
건강검진_기본,경기도 안성시 ,"100,000"
건강검진_기본,경기도 김포시 ,"151,750"
건강검진_기본,경기도 화성시 ,"170,500"
건강검진_기본,경기도 광주시 ,"260,000"
건강검진_기본,경기도 여주시 ,"220,000"
건강검진_기본,경기도 양평군 ,0
건강검진_기본,경기도 고양시 덕양구 ,"120,000"
건강검진_기본,경기도 고양시 일산동구 ,"195,000"
건강검진_기본,경기도 고양시 일산서구 ,"210,000"
건강검진_기본,경기도 의정부시 ,"200,800"
건강검진_기본,경기도 동두천시 ,"120,000"
건강검진_기본,경기도 구리시 ,"175,333"
건강검진_기본,경기도 남양주시 ,"150,000"
건강검진_기본,경기도 파주시 ,"200,000"
건강검진_기본,경기도 양주시 ,"200,000"
건강검진_기본,경기도 포천시 ,"150,000"
건강검진_기본,경기도 연천군 ,0
건강검진_기본,경기도 가평군 ,0
건강검진_기본,강원도 춘천시 ,"280,000"
건강검진_기본,강원도 원주시 ,"150,000"
건강검진_기본,강원도 강릉시 ,"195,000"
건강검진_기본,강원도 동해시 ,"270,000"
건강검진_기본,강원도 태백시 ,0
건강검진_기본,강원도 속초시 ,"300,000"
건강검진_기본,강원도 삼척시 ,0
건강검진_기본,강원도 홍천군 ,"250,000"
건강검진_기본,강원도 횡성군 ,0
건강검진_기본,강원도 영월군 ,0
건강검진_기본,강원도 평창군 ,0
건강검진_기본,강원도 정선군 ,0
건강검진_기본,강원도 철원군 ,0
건강검진_기본,강원도 화천군 ,0
건강검진_기본,강원도 양구군 ,0
건강검진_기본,강원도 인제군 ,0
건강검진_기본,강원도 고성군 ,0
건강검진_기본,강원도 양양군 ,0
건강검진_기본,충청북도 청주시 상당구 ,"180,000"
건강검진_기본,충청북도 청주시 흥덕구 ,"150,000"
건강검진_기본,충청북도 청주시 서원구 ,"160,000"
건강검진_기본,충청북도 청주시 청원구 ,"90,000"
건강검진_기본,충청북도 충주시 ,"200,000"
건강검진_기본,충청북도 제천시 ,"180,000"
건강검진_기본,충청북도 보은군 ,0
건강검진_기본,충청북도 옥천군 ,0
건강검진_기본,충청북도 영동군 ,0
건강검진_기본,충청북도 증평군 ,0
건강검진_기본,충청북도 진천군 ,0
건강검진_기본,충청북도 괴산군 ,0
건강검진_기본,충청북도 음성군 ,0
건강검진_기본,충청북도 단양군 ,0
건강검진_기본,충청남도 천안시 동남구 ,"300,000"
건강검진_기본,충청남도 천안시 서북구 ,"270,000"
건강검진_기본,충청남도 공주시 ,"150,000"
건강검진_기본,충청남도 보령시 ,"200,000"
건강검진_기본,충청남도 아산시 ,"190,000"
건강검진_기본,충청남도 서산시 ,"100,000"
건강검진_기본,충청남도 논산시 ,"200,000"
건강검진_기본,충청남도 계룡시 ,0
건강검진_기본,충청남도 당진시 ,"180,000"
건강검진_기본,충청남도 금산군 ,0
건강검진_기본,충청남도 부여군 ,0
건강검진_기본,충청남도 서천군 ,0
건강검진_기본,충청남도 청양군 ,0
건강검진_기본,충청남도 홍성군 ,0
건강검진_기본,충청남도 예산군 ,0
건강검진_기본,충청남도 태안군 ,0
건강검진_기본,전라북도 전주시 완산구 ,"188,000"
건강검진_기본,전라북도 전주시 덕진구 ,"187,000"
건강검진_기본,전라북도 군산시 ,"242,000"
건강검진_기본,전라북도 익산시 ,"120,000"
건강검진_기본,전라북도 정읍시 ,"220,000"
건강검진_기본,전라북도 남원시 ,"140,000"
건강검진_기본,전라북도 김제시 ,"150,000"
건강검진_기본,전라북도 완주군 ,"250,000"
건강검진_기본,전라북도 진안군 ,0
건강검진_기본,전라북도 무주군 ,0
건강검진_기본,전라북도 장수군 ,0
건강검진_기본,전라북도 임실군 ,0
건강검진_기본,전라북도 순창군 ,0
건강검진_기본,전라북도 고창군 ,0
건강검진_기본,전라북도 부안군 ,0
건강검진_기본,전라남도 목포시 ,"120,000"
건강검진_기본,전라남도 여수시 ,"180,000"
건강검진_기본,전라남도 순천시 ,"150,000"
건강검진_기본,전라남도 나주시 ,"140,000"
건강검진_기본,전라남도 광양시 ,"200,000"
건강검진_기본,전라남도 담양군 ,0
건강검진_기본,전라남도 곡성군 ,0
건강검진_기본,전라남도 구례군 ,0
건강검진_기본,전라남도 고흥군 ,0
건강검진_기본,전라남도 보성군 ,0
건강검진_기본,전라남도 화순군 ,0
건강검진_기본,전라남도 장흥군 ,0
건강검진_기본,전라남도 강진군 ,0
건강검진_기본,전라남도 해남군 ,0
건강검진_기본,전라남도 영암군 ,0
건강검진_기본,전라남도 무안군 ,0
건강검진_기본,전라남도 함평군 ,0
건강검진_기본,전라남도 영광군 ,0
건강검진_기본,전라남도 장성군 ,0
건강검진_기본,전라남도 완도군 ,0
건강검진_기본,전라남도 진도군 ,0
건강검진_기본,전라남도 신안군 ,0
건강검진_기본,경상북도 포항시 남구 ,"250,000"
건강검진_기본,경상북도 포항시 북구 ,"200,000"
건강검진_기본,경상북도 경주시 ,"150,000"
건강검진_기본,경상북도 김천시 ,"190,000"
건강검진_기본,경상북도 안동시 ,"180,000"
건강검진_기본,경상북도 구미시 ,"200,000"
건강검진_기본,경상북도 영주시 ,"160,000"
건강검진_기본,경상북도 영천시 ,"300,000"
건강검진_기본,경상북도 상주시 ,"250,000"
건강검진_기본,경상북도 문경시 ,"200,000"
건강검진_기본,경상북도 경산시 ,"190,000"
건강검진_기본,경상북도 군위군 ,0
건강검진_기본,경상북도 의성군 ,0
건강검진_기본,경상북도 청송군 ,0
건강검진_기본,경상북도 영양군 ,0
건강검진_기본,경상북도 영덕군 ,0
건강검진_기본,경상북도 청도군 ,0
건강검진_기본,경상북도 고령군 ,0
건강검진_기본,경상북도 성주군 ,0
건강검진_기본,경상북도 칠곡군 ,0
건강검진_기본,경상북도 예천군 ,0
건강검진_기본,경상북도 봉화군 ,0
건강검진_기본,경상북도 울진군 ,0
건강검진_기본,경상북도 울릉군 ,0
건강검진_기본,경상남도 창원시 의창구 ,"220,000"
건강검진_기본,경상남도 창원시 성산구 ,"290,000"
건강검진_기본,경상남도 창원시 마산합포구 ,"200,000"
건강검진_기본,경상남도 창원시 마산회원구 ,"250,000"
건강검진_기본,경상남도 창원시 진해구 ,"200,000"
건강검진_기본,경상남도 진주시 ,"180,000"
건강검진_기본,경상남도 통영시 ,"220,000"
건강검진_기본,경상남도 사천시 ,"250,000"
건강검진_기본,경상남도 김해시 ,"190,000"
건강검진_기본,경상남도 밀양시 ,"280,000"
건강검진_기본,경상남도 거제시 ,"200,000"
건강검진_기본,경상남도 양산시 ,"200,000"
건강검진_기본,경상남도 의령군 ,0
건강검진_기본,경상남도 함안군 ,0
건강검진_기본,경상남도 창녕군 ,0
건강검진_기본,경상남도 고성군 ,0
건강검진_기본,경상남도 남해군 ,0
건강검진_기본,경상남도 하동군 ,0
건강검진_기본,경상남도 산청군 ,0
건강검진_기본,경상남도 함양군 ,0
건강검진_기본,경상남도 거창군 ,0
건강검진_기본,경상남도 합천군 ,0
건강검진_기본,제주특별자치도 제주시 ,"215,700"
건강검진_기본,제주특별자치도 서귀포시 ,"214,000"
