,사업유형,정비구역명,위치,기존주택동수,기존주택계,신규주택계,사업시작,사업완료,사업시행인가,담당자
경기도 수원시,재건축,영통 3구역(원천 주공),영통구 원천동 35번지,8,1320,0,,,,김민지(031-228-3397)
경기도 수원시,재건축,파장1(삼익아파트),장안구 파장동 212-5일원,3,220,0,2020,,,이용석(031-228-3414)
경기도 수원시,재건축,원천1(아주아파트),영통구 원천동 71-1일원,9,228,0,2020,,,이용석(031-228-3414)
경기도 수원시,재건축,"우만1(우만주공1,2단지)",팔달구 우만동 28일원,25,1484,0,2022,,,이용석(031-228-3414)
경기도 수원시,재건축,망포1(청와아파트),영통구 망포동 291일원,21,353,0,2024,,,이용석(031-228-3414)
경기도 수원시,재건축,세류1(미영아파트),권선구 세류동 1147일원,11,600,0,2026,,,이용석(031-228-3414)
경기도 수원시,도시환경,팔달2매산(성매매집결지),매산로1가 114-3 일원,,93,0,,,,손주연(031-228-3497)
경기도 수원시,재개발,영통1구역,영통구 매탄동 173-50일원,157,907,929,2012,,,신동원(031-228-3393)
경기도 수원시,재개발,111-3,장안구 영화동 93-6일원,108,355,556,2006,2026,,신동원(031-228-3393)
경기도 수원시,재건축,권선 1구역(동남아파트),권선구 서둔동 361,8,380,442,2016,2026,,이용석(031-228-3414)
경기도 수원시,재건축,권선 2구역(성일아파트),권선구 서둔동 361-1,7,370,439,2016,2026,,이용석(031-228-3414)
경기도 수원시,재건축,"영통 2구역(매탄주공 4,5단지)",영통구 매탄동 897,65,2440,4002,2016,2025,,이용석(031-228-3414)
경기도 수원시,재건축,115-12구역,팔달구 인계동 319-6 일원,12,1185,1305,2006,2025,'20.08.07,김민지(031-228-3397)
경기도 수원시,재건축,팔달 1구역(현대아파트),팔달구 우만동 129-1,43,404,1272,2016,2026,,이용석(031-228-3414)
경기도 수원시,재개발,115-11,팔달구 지동 110-15일원,427,1229,1302,2006,,'12.04.26,박정미(031-228-3483)
경기도 수원시,주거환경개선,113-7구역(평동지구),권선구 평동 35-6 일원,363,916,0,2019,2022,,백 동 문(031-228-3499)
경기도 수원시,재개발,115-10,팔달구 지동 349-1일원,369,1018,1154,2006,,'17.03.09,정재웅(031-228-2417)
경기도 수원시,재개발,113-6,팔달구 세류동 817-72일원,494,1378,2178,2006,,'12.06.18,정재웅(031-228-2417)
경기도 수원시,재개발,111-1,장안구 정자동 530-6일원,441,1406,2607,2006,,'15.05.19,신동원(031-228-3393)
경기도 수원시,재개발,115-9,팔달구 인계동 847-3일원,696,2061,3432,2006,,'15.12.11,박정미(031-228-3483)
경기도 수원시,재개발,113-12,권선구 오목천동 482-2일원,101,518,930,2006,,'17.12.05,정재웅(031-228-2417)
경기도 수원시,재개발,115-8,팔달구 매교동 209-14일원,855,2830,3603,2006,2022,'16.06.29,박정미(031-228-3483)
경기도 수원시,재개발,115-6,팔달구 교동 155-41일원,584,1672,2586,2006,2022,'15.12.31,정재웅(031-228-2417)
경기도 수원시,재개발,111-4,장안구 조원동 431-2일원,135,406,666,2006,2022,'15.07.23,신동원(031-228-3393)
경기도 수원시,재건축,111-5구역,장안구 연무동 224 일원,100,941,1130,2006,,'18.05.23,김민지(031-228-3397)
경기도 수원시,주거환경개선,"115-2구역
(고등지구)",팔달구 고등동 270번지 일원,1397,5822,4871,2006,2021,'08.11.27,손주연(031-228-3497)
경기도 수원시,재개발,115-1,팔달구 화서동 4-26일원,59,145,198,2006,2014,'10.11.25,박정미(031-228-3483)
경기도 수원시,재건축,권선주공 1.3차아파트,수원시 권선구 권선동 1067,73,1166,1754,2003,2011,'05.03.18,김민지(031-228-3397)
경기도 수원시,재건축,송림아파트,수원시 장안구 정자1동 423-1,11,350,481,1999,2009,'04.12.22,김민지(031-228-3397)
경기도 수원시,재건축,매탄주공2단지아파트,수원시 영통구 매탄동 176,70,2820,3391,2002,2008,'04.12.31,이용석(031-228-3414)
경기도 수원시,재건축,화서주공 2단지아파트,수원시 팔달구 화서동 79-5,36,1630,1690,2001,2009,'05.04.06,김민지(031-228-3397)
경기도 수원시,재건축,권선주공 2단지아파트,"수원시 권선구 권선동 1035, 1036",34,758,1018,2003,2009,'05.04.26,김민지(031-228-3397)
경기도 수원시,재건축,천천주공,수원시 장안구 천천동 333,64,1990,2571,2003,2009,'05.04.04,김민지(031-228-3397)
경기도 수원시,재건축,인계주공아파트,"수원시 팔달구 인계동 384, 465",28,830,1351,2003,2009,'05.05.09,김민지(031-228-3397)
경기도 수원시,재건축,향원아파트,수원시 팔달구 인계동  865-10,10,590,431,1997,2009,'05.05.17,김민지(031-228-3397)
경기도 수원시,재건축,우람아파트,수원시 팔달구 화서동 349-1,22,696,807,2003,2009,'05.05.17,김민지(031-228-3397)
경기도 수원시,주거환경개선,113-4구역(세류지구),권선구 세류동 334-88 일원,911,2787,2682,2006,2014,'07.11.06,손주연(031-228-3497)
경기도 수원시,주거환경관리,매산지구,매산로3가 109-2번지일원,678,1247,0,2015,2019,,박기복(031-228-3420)
경기도 수원시,주거환경관리,행궁지구,장안동 110-7번지 일원,553,1680,0,2014,2016,,손주연(031-228-3497)
경기도 성남시,재개발,수진1,수정구 수진동 963번지 일원,2377,6544,846,,,,이성제(031-729-4422)
경기도 성남시,재개발,신흥1,수정구 신흥동 4900번지 일원,1985,5709,664,,,,윤강혁(031-729-4424)
경기도 성남시,재개발,태평3,수정구 태평동 4580번지 일원,1241,3646,0,,,,한주아(031-729-4873)
경기도 성남시,재개발,상대원3,중원구 상대원동 2780번지 일원,2573,11000,0,,,,김상우(031-729-4432)
경기도 성남시,재개발,신흥3,수정구 신흥동 2890번지 일원,1402,4007,0,,,,이인선(031-729-4423)
경기도 성남시,재건축,한신아파트,수정구 신흥동 2463-1 일원,5,585,0,,,,장웅현(031-729-4443)
경기도 성남시,재건축,선경논골아파트,수정구 단대동 6 일원,3,426,0,,,,장웅현(031-729-4443)
경기도 성남시,재건축,삼익금광아파트,중원구 금광동 3950 일원,4,498,0,,,,장웅현(031-729-4443)
경기도 성남시,재건축,삼익상대원아파트,중원구 상대원동 152-3 일원,2,264,0,,,,장웅현(031-729-4443)
경기도 성남시,재건축,성남동현대아파트,중원구 성남동 3120 일원,2,375,0,,,,장웅현(031-729-4443)
경기도 성남시,재건축,두산아파트,수정구 신흥동 2024 일원,6,570,0,,,,장웅현(031-729-4443)
경기도 성남시,재건축,시영(황송마을)아파트,중원구 금광동 2450-1 일원,11,990,0,,,,장웅현(031-729-4443)
경기도 성남시,재건축,일성아파트,중원구 상대원동 178-6 일원,1,270,0,,,,장웅현(031-729-4443)
경기도 성남시,재건축,청구아파트,수정구 신흥동 2464-1 일원,3,493,0,,,,장웅현(031-729-4443)
경기도 성남시,재건축,선경상대원2차아파트,중원구 상대원동 279-1 일원,19,2510,0,,,,장웅현(031-729-4443)
경기도 성남시,재건축,미도아파트,수정구 단대동 182번지 일원,3,280,0,,,,장웅현(031-729-4443)
경기도 성남시,도시환경,도환중2,중원구 중앙동 196번지 일원,268,713,1123,2006,2025,,유진희(031-729-4473)
경기도 성남시,재건축,은행주공아파트,중원구 은행동 550번지 일원,74,2147,3314,2017,,,장웅현(031-729-4443)
경기도 성남시,재건축,성지?궁전아파트,중원구 상대원동 195-5번지일원,15,709,818,2015,,,이경동(031-729-4442)
경기도 성남시,재개발,상대원2,중원구 상대원동 3910번지 일원,2092,6075,5090,2014,2023,'20.01.13,김상우(031-729-4432)
경기도 성남시,재개발,산성,수정구 산성동 1336번지 일원,1516,4499,3372,2014,2023,'19.04.15,이인선(031-729-4423)
경기도 성남시,도시환경,도환중1,중원구 중앙동 912번지 일원,624,1345,1972,2006,2023,'19.03.25,정혜인(031-729-4472)
경기도 성남시,재개발,신흥2,수정구 신흥동 1132번지 일원,1775,6488,4774,2008,2023,'09.12.04,윤강혁(031-729-4424)
경기도 성남시,재개발,중1,중원구 중앙동 2979번지 일원,1131,3715,2411,2008,2022,'09.12.04,최진수(031-729-4434)
경기도 성남시,재개발,금광1,중원구 금광동 34번지 일원,1950,7499,5320,2008,2022,'09.12.04,노희경(031-729-4433)
경기도 성남시,재건축,금광3,중원구 금광동 2622번지 일원,95,638,711,2013,2021,'16.06.08,장웅현(031-729-4443)
경기도 성남시,재건축,신흥(신흥주공+통보8차),"수정구 신흥동 10,89-1일원",27,2406,4089,2011,2020,'15.07.24,이경동(031-729-4442)
경기도 성남시,주거환경관리,태평2,수정구 남문로 69번길 11일원,421,1219,0,2014,,'20.02.17,신동호(031-729-4452)
경기도 성남시,주거환경관리,태평4,수정구 남문로 135번길 11일원,499,499,0,2014,,'20.02.17,변도현(031-729-4454)
경기도 성남시,주거환경관리,수진2,수정구 수정로88번길 18 일원,330,905,0,2015,,'19.12.30,신동호(031-729-4452)
경기도 성남시,재개발,단대,수정구 단대동 108-6번지 일원,516,1897,1228,2002,2013,'11.07.21,윤강혁(031-729-4424)
경기도 성남시,재개발,중3,중원구 중동 1500번지 일원,282,898,672,2003,2013,'11.07.14,노희경(031-729-4433)
경기도 성남시,재건축,건우아파트,수정구 태평로 64(태평2동),7,470,503,2010,2018,'12.05.17,장웅현(031-729-4443)
경기도 성남시,재건축,삼남아파트,중원구 중앙동 578,7,235,356,2007,2012,'07.06.25,장웅현(031-729-4443)
경기도 성남시,재건축,삼창아파트,중원구 중앙동 3748-1,3,544,751,2007,2012,'07.08.07,장웅현(031-729-4443)
경기도 성남시,주거환경개선,산성2지구,산성동 513일원,221,712,0,2004,2008,'04.06.29,변도현(031-729-4454)
경기도 성남시,주거환경개선,은행2지구,은행2동 1342일원,1082,7669,0,2006,2015,'09.06.15,변도현(031-729-4454)
경기도 성남시,주거환경관리,단대동,산성대로 383번길 14일원(단대동 177),120,746,0,2015,2018,'17.01.23,변도현(031-729-4454)
경기도 용인시,재개발,삼가1,처인구 삼가동 110번지 일원,34,145,0,,,,박상준(031-324-2408)
경기도 용인시,재개발,삼가2,처인구 삼가동 216번지 일원,32,53,0,,,,박상준(031-324-2408)
경기도 용인시,재개발,용인3(역북1),처인구 역북동 454번지 일원(동일),119,562,0,,,,박상준(031-324-2408)
경기도 용인시,주거환경개선,풍덕천1,수지구 풍덕천동 678-1 일원,215,215,0,2017,,,박상준(031-324-2408)
경기도 용인시,재개발,모현1,처인구 모현읍 왕산리 789번지 일원,61,242,740,2007,,,홍순오(031-324-2407)
경기도 용인시,재개발,용인7,처인구 김량장동 159번지 일원,79,143,323,2007,,'11.04.26,홍순오(031-324-2407)
경기도 용인시,주거환경개선,이동2,처인구 이동읍 천리 748-2 일원,74,105,0,2017,,'20.02.17,홍순오(031-324-2407)
경기도 용인시,주거환경개선,신갈2,기흥구 신갈동 33-4 일원,387,318,0,2017,,'19.12.03,박상준(031-324-2408)
경기도 용인시,주거환경개선,상갈1,기흥구 상갈동 102-5 일원,260,218,0,2017,,'19.12.02,박상준(031-324-2408)
경기도 용인시,주거환경개선,고림1,처인구 고림동 772-20 일원,80,112,0,2017,,'19.12.02,홍순오(031-324-2407)
경기도 용인시,주거환경개선,마평1,처인구 마평동 732번지 일원,96,352,0,2015,,'17.12.27,박상준(031-324-2408)
경기도 용인시,재개발,용인8,처인구 김량장동 309-1번지 일원,123,603,1308,2007,,'11.07.07,박상준(031-324-2408)
경기도 용인시,재건축,용인2,처인구 역북동 795번지,6,209,452,2009,2018,'15.10.22,박상준(031-324-2408)
경기도 용인시,재건축,김량주공아파트(용인1구역),처인구 김량장동 526번지,8,450,484,2005,2009,'06.07.11,박상준(031-324-2408)
경기도 용인시,재건축,신갈주공아파트(기흥2구역),기흥구 신갈동 733번지,14,560,612,2003,2013,'09.06.22,박상준(031-324-2408)
경기도 용인시,주거환경개선,용인9,처인구 마평동 740번지 일원,116,211,0,2007,2013,'11.04.27,박상준(031-324-2408)
경기도 용인시,주거환경개선,용인10,처인구 마평동 601번지 일원,64,242,0,2007,2013,'11.04.27,박상준(031-324-2408)
경기도 용인시,주거환경개선,양지1,처인구 양지면 양지리 383번지 일원,48,175,0,2007,2013,'11.04.27,박상준(031-324-2408)
경기도 용인시,주거환경개선,포곡1,처인구 포곡읍 전대리 150번지 일원,31,134,0,2007,2013,'11.04.27,박상준(031-324-2408)
경기도 부천시,재건축,괴안 3-1(역곡조공1차아파트),괴안동 36번지 일원,5,224,0,2018,2030,,강경현(032-625-3744)
경기도 부천시,재건축,괴안 3-6(괴안대진아파트),괴안동 171-6번지 일원,6,290,0,2018,2030,,강경현(032-625-3744)
경기도 부천시,재건축,심곡본 3-1(부천롯데아파트),심곡본동 615-1번지 일원,5,463,0,2018,2030,,강경현(032-625-3744)
경기도 부천시,재건축,심곡본 3-2(부천극동아파트),심곡본동 566-1번지 일원,6,495,0,2018,2030,,강경현(032-625-3744)
경기도 부천시,재건축,소사본 3-2(부천한신아파트),소사본동 277-12번지 일원,9,916,0,2018,2030,,강경현(032-625-3744)
경기도 부천시,재건축,괴안 3-2(역곡조공2차아파트),괴안동 33번지 일원,16,320,0,2019,2030,,강경현(032-625-3744)
경기도 부천시,재건축,송내 3-1(송내동신아파트),송내동 441-8번지 일원,5,380,0,2019,2030,,강경현(032-625-3744)
경기도 부천시,재건축,"고강 3-1(고강1,2차 아파트)",고강동 246-5번지 일원,9,338,0,2019,2030,,강경현(032-625-3744)
경기도 부천시,재건축,원종 3-3(동진아파트),원종동 180-3,3,250,0,2020,2030,,강경현(032-625-3744)
경기도 부천시,재건축,소사본 3-1(성지아파트),소사본동 91-68,3,264,0,2020,2030,,강경현(032-625-3744)
경기도 부천시,재건축,약대 3-1(약대현대아파트),약대동 169-6번지 일원,7,290,0,2020,2030,,강경현(032-625-3744)
경기도 부천시,재건축,송내 3-2(현대아파트),송내동 450-1번지 일원,6,717,0,2020,2030,,강경현(032-625-3744)
경기도 부천시,재건축,원종 3-1(원종주공아파트),원종동 129-19번지 일원,13,490,0,2020,2030,,강경현(032-625-3744)
경기도 부천시,재건축,괴안3-4(염광아파트),괴안동 164-6번지 일원,3,382,0,2021,2030,,강경현(032-625-3744)
경기도 부천시,재건축,고강 3-2(미도아파트),고강동 327-7번지 일원,6,340,0,2021,2030,,강경현(032-625-3744)
경기도 부천시,재건축,괴안 3-5(삼익세라믹아파트),괴안동 204-16번지 일원,10,781,0,2021,2030,,강경현(032-625-3744)
경기도 부천시,재건축,원종 3-2(동문1차아파트),원종동 70-1번지 일원,6,280,0,2022,2030,,강경현(032-625-3744)
경기도 부천시,재건축,괴안 3-3(삼익3차 아파트),괴안동 204-1번지 일원,11,682,0,2023,2030,,강경현(032-625-3744)
경기도 부천시,재건축,괴안 3-7(거산아파트),괴안동 171-8번지 일원,7,260,0,2023,2030,,강경현(032-625-3744)
경기도 부천시,재개발,심곡3-1,심곡동 194번지 일원,1,99,334,2020,2030,,강성근(032-625-3754)
경기도 부천시,재건축,역곡1-2,역곡동 75-3 일원,17,315,441,2006,,,강경현(032-625-3744)
경기도 부천시,재개발,괴안2D,괴안동 189 일원,113,396,602,2009,,,황지민(032-625-3753)
경기도 부천시,재개발,소사3,소사동 48-21 일원,547,1555,1649,2011,2023,'20.08.06,전호철(032-625-3752)
경기도 부천시,재건축,성곡2-1,원종동 352 일원,8,296,413,,,,강경현(032-625-3744)
경기도 부천시,재개발,소사본1-1,소사본동 88-39 일원,285,603,1728,2011,,,전호철(032-625-3752)
경기도 부천시,재개발,도당1-1,도당동 266-4번지 일원,559,2567,2291,2006,,'10.07.19,강성근(032-625-3754)
경기도 부천시,재개발,소사1-1 ,소사동 483-6번지 일원,122,551,748,2006,,'14.06.30,황지민(032-625-3753)
경기도 부천시,재건축,송내1-1,송내동 338번지 일원,36,885,1062,2006,,'20.07.06,강경현(032-625-3744)
경기도 부천시,도시환경,괴안3D,괴안동 201 일원,227,590,759,2009,2023,'18.11.07,황지민(032-625-3753)
경기도 부천시,재개발,계수.범박,계수동 1-6 일원,743,1077,3724,2006,2023,'17.01.31,정인경(032-625-3751)
경기도 부천시,재개발,송내1-2,송내동 427-32 일원,165,671,831,2006,2021,'10.03.08,황지민(032-625-3753)
경기도 부천시,재개발,약대1,약대동 216 일원,77,195,620,2005,2012,'07.04.02,황지민(032-625-3753)
경기도 부천시,재개발,약대2,약대동 204 일원,167,520,1373,2005,2012,'07.04.02,황지민(032-625-3753)
경기도 부천시,재개발,중동1-1,중동 780 일원,85,114,339,2006,2020,'10.11.01,전호철(032-625-3752)
경기도 부천시,재건축,괴안1-6,괴안동 203-2 일원,17,770,921,2006,2020,'14.09.22,강경현(032-625-3744)
경기도 부천시,재건축,심곡본1-1,심곡본동 801 일원,6,220,354,2006,2020,'15.03.20,강경현(032-625-3744)
경기도 부천시,재건축,약대주공,약대동 181 일원,40,1040,1613,2003,2015,'07.09.10,강경현(032-625-3744)
경기도 부천시,재건축,삼경아파트,원종동 144 일원,9,363,403,2003,2010,'07.10.23,강경현(032-625-3744)
경기도 부천시,재건축,동원아파트,송내동 463-3일원,7,323,371,2006,2008,'05.05.17,강경현(032-625-3744)
경기도 부천시,재건축,중동주공,"중동 884외3 (현, 1288,1289)",60,2560,3090,2004,2008,'04.07.15,강경현(032-625-3744)
경기도 부천시,재건축,백동단지,소사본동 157-1 외 99,2,99,226,2006,2009,'06.06.09,강경현(032-625-3744)
경기도 안산시,재건축,성포예술인,성포동 예술인아파트,17,1485,0,,,,김병식(031-481-2405)
경기도 안산시,재건축,주공4단지,성포동 588번지 일원,8,780,0,,,,김병식(031-481-2405)
경기도 안산시,재건축,주공10단지,성포동 584번지 일원,15,1380,0,,,,김병식(031-481-2405)
경기도 안산시,재건축,고잔연립3,고잔동 665-1번지 일원,43,768,1030,,,,추재철(031-481-2388)
경기도 안산시,재건축,고잔연립4,고잔동 661-3번지 일원,62,1127,0,,,,김병식(031-481-2405)
경기도 안산시,재건축,고잔연립5,고잔동 610번지 일원,59,1072,0,,,,김병식(031-481-2405)
경기도 안산시,재건축,고잔연립6,고잔동 612번지 일원,22,410,0,,,,김병식(031-481-2405)
경기도 안산시,재건축,고잔연립7,고잔동 613-1번지 일원,24,413,593,,,,주상철(031-481-2909)
경기도 안산시,재건축,주공7단지,고잔동 670번지 일원,11,1020,0,,,,김병식(031-481-2405)
경기도 안산시,재건축,주공8단지,고잔동 671번지 일원,10,1020,0,,,,김병식(031-481-2405)
경기도 안산시,재건축,주공9단지,고잔동 672번지 일원,12,1320,0,,,,김병식(031-481-2405)
경기도 안산시,재건축,선부연립1,선부동 963번지 일원,41,735,989,,,,윤진희(031-481-2398)
경기도 안산시,재건축,군자주공9,선부동 967번지 일원,14,540,0,,,,김병식(031-481-2405)
경기도 안산시,재건축,군자주공10,선부동 1083번지 일원,23,790,0,,,,김병식(031-481-2405)
경기도 안산시,재건축,현대1차아파트,성포동 592-2번지 일원,13,570,0,,,,김병식(031-481-2405)
경기도 안산시,재건축,월드아파트,본오동 872번지 일원,38,1070,0,,,,김병식(031-481-2405)
경기도 안산시,재건축,고잔연립2,고잔동 576번지 일원,45,898,1112,,,,추재철(031-481-2388)
경기도 안산시,재건축,팔곡일동1,팔곡일동 264-5번지 일원,68,299,378,2009,,,신미영(031-481-2386)
경기도 안산시,재건축,주공6단지,고잔동 676-2번지 일원,17,590,1060,2013,,,추재철(031-481-2388)
경기도 안산시,재건축,주공5단지1,고잔동 675번지 일원,16,570,902,2013,,,주상철(031-481-2909)
경기도 안산시,재건축,주공5단지2,고잔동 674번지 일원,21,538,1014,2013,,'20.09.08,주상철(031-481-2909)
경기도 안산시,재건축,고잔연립9,고잔동 648-1번지 일원,15,299,446,2013,,'20.04.29,추재철(031-481-2388)
경기도 안산시,재건축,산호연립,상록구 건건동 894-14,6,123,133,2003,,'20.05.27,윤진희(031-481-2398)
경기도 안산시,재건축,인정프린스아파트,상록구 건건동 894-1,12,540,725,2003,,'18.07.05,신미영(031-481-2386)
경기도 안산시,재건축,고잔연립8,고잔동 631-1번지 일원,17,297,449,2013,,'19.02.28,추재철(031-481-2388)
경기도 안산시,재건축,선부동2,단원구 선부동 998번지 일원,57,350,364,2008,,'14.12.31,주상철(031-481-2909)
경기도 안산시,재건축,선부동3,단원구 선부동 1007번지 일원,152,1165,1021,2008,,'15.04.23,주상철(031-481-2909)
경기도 안산시,재건축,원곡연립1단지,단원구 원곡동 829일원,76,1126,1714,2003,,'17.05.01,추재철(031-481-2388)
경기도 안산시,재건축,원곡연립2단지,단원구 원곡동 838일원,61,1123,1450,2003,,'15.09.24,신미영(031-481-2386)
경기도 안산시,재건축,군자주공7단지,단원구 선부동 961,13,480,719,2003,2015,'15.10.27,윤진희(031-481-2398)
경기도 안산시,재건축,"건건동1
(양지연립포함)",건건동 606번지 일원,54,267,390,2003,2016,'14.04.15,신미영(031-481-2386)
경기도 안산시,재건축,군자주공6단지,단원구 선부동 953,36,1080,2017,2003,2014,'08.12.31,주상철(031-481-2909)
경기도 안산시,재건축,원곡연립3단지,단원구 원곡동 848일원,48,792,1244,2003,2016,'14.07.07,윤진희(031-481-2398)
경기도 안산시,재건축,초지연립1단지,단원구 초지동 590일원,61,1026,1548,2003,2016,'14.07.08,추재철(031-481-2388)
경기도 안산시,재건축,초지연립상단지,단원구 초지동 605일원,54,832,1238,2003,2016,'14.07.15,신미영(031-481-2386)
경기도 안산시,재건축,군자주공8단지,단원구 선부동 959 일원,9,272,414,2003,2015,'14.07.29,주상철(031-481-2909)
경기도 안산시,재건축,고잔연립1단지,단원구 고잔동 586일원,50,723,1005,2010,2015,'14.11.21,신미영(031-481-2386)
경기도 안산시,재건축,성포주공3단지,상록구 성포동 587,23,700,1129,2003,2015,'13.11.29,추재철(031-481-2388)
경기도 안산시,재건축,중앙주공1단지,단원구 고잔동 532,25,500,1152,2002,2017,'13.09.16,추재철(031-481-2388)
경기도 안산시,재건축,중앙주공2단지,단원구 고잔동 538,22,450,990,2003,2017,'13.07.24,윤진희(031-481-2398)
경기도 안산시,재건축,군자주공5단지,단원구 초지동 603-1,11,400,469,2003,2015,'11.08.23,윤진희(031-481-2398)
경기도 안산시,재건축,동명아파트,단원구 선부동 1082,19,600,766,2000,2010,'05.10.07,추재철(031-481-2388)
경기도 안산시,재건축,군자주공4단지,단원구 초지동 604,19,766,695,2003,2014,'09.02.25,윤진희(031-481-2398)
경기도 안양시,재건축,석수럭키아파트,만안구 석수동 296,11,735,0,,,,고병천(031-8045-2399)
경기도 안양시,재건축,진흥5차아파트,만안구 안양동 908-4,7,432,0,,,,권지영(031-8045-5639)
경기도 안양시,재건축,프라자아파트,만안구 안양동 762-2,17,658,0,,,,이수진(031-8045-5639)
경기도 안양시,재건축,벽산아파트,만안구 안양동 627-72,5,275,0,,,,이소영(031-8045-5065)
경기도 안양시,재건축,호계럭키아파트,동안구 호계동 570,13,794,0,,,,고병천(031-8045-2399)
경기도 안양시,재건축,현대아파트,동안구 관양1동 1396번지 일원,12,904,1305,2020,,,고병천(031-8045-2399)
경기도 안양시,재개발,상록,만안구 안양8동 398-32번지 일원,350,1103,1713,2008,2023,,이수영(031-8045-5642)
경기도 안양시,재건축,박달신한아파트,만안구 박달2동 111-1번지 일원,11,370,507,2015,2023,,고병천(031-8045-2399)
경기도 안양시,재건축,미륭아파트,동안구 비산2동 406번지 일원,8,576,702,2012,2025,,이소영(031-8045-5065)
경기도 안양시,재개발,안양역세권,만안구 안양2동 841-5번지 일원,87,449,853,2015,2025,'20.02.04,김우공(031-8045-5282)
경기도 안양시,재개발,호계온천 주변,동안구 호계2동 915번지 일원,92,538,1011,2013,2024,'19.03.25,김우공(031-8045-5282)
경기도 안양시,재개발,화창,만안구 석수2동 348번지 일원,83,359,483,2009,2022,'19.03.29,김인수(031-8045-2366)
경기도 안양시,재개발,비산1동주민센터 주변,동안구 비산1동 554번지 일원,19,137,230,2015,2023,'19.01.31,김민중(031-8045-2382)
경기도 안양시,재건축,뉴타운맨션 삼호아파트,동안구 비산3동 354-10번지 일원,18,2052,2618,2012,2024,'20.01.14,이수진(031-8045-5639)
경기도 안양시,재건축,향림아파트,안양시 만안구 안양동43-1번지,6,,271,2020,2026,'20.08.13,권지영(031-8045-5639)
경기도 안양시,재개발,비산초교 주변,동안구 비산3동 281-1번지 일원,292,1950,2739,2015,2023,'19.02.28,김민중(031-8045-2382)
경기도 안양시,재개발,융창아파트 주변,동안구 호계2동 929번지 일원,329,1561,2417,2011,2022,'18.05.29,김종곤(031-8045-2374)
경기도 안양시,재개발,덕현,동안구 호계1동 992번지 일원,354,2559,2886,2010,2023,'15.07.23,이수영(031-8045-5642)
경기도 안양시,재건축,진흥아파트,만안구 안양1동 97-3번지 일원,50,1998,2723,2009,2023,'16.09.08,권지영(031-8045-5639)
경기도 안양시,재건축,삼신6차아파트,동안구 호계3동 651-1번지 일원,18,332,456,2008,2024,'09.04.27,이소영(031-8045-5065)
경기도 안양시,주거환경개선,냉천,만안구 안양5동 618번지 일원,440,1771,2329,2006,2023,'19.03.28,윤덕열(031-8045-2747)
경기도 안양시,재개발,삼영아파트 주변,만안구 안양2동 34-1번지 일원,102,519,558,2009,2022,'16.12.07,김우공(031-8045-5282)
경기도 안양시,재개발,예술공원입구 주변,만안구 안양2동 18-1번지 일원,175,405,1021,2010,2021,'15.05.27,윤덕열(031-8045-2747)
경기도 안양시,재개발,구사거리,동안구 호계3동 661-1번지 일원,116,620,855,2009,2021,'16.06.21,김인수(031-8045-2366)
경기도 안양시,재개발,임곡3,동안구 비산1동 515-2번지 일원,427,2229,2637,2009,2021,'15.09.22,김종곤(031-8045-2374)
경기도 안양시,재개발,호원초등학교 주변,동안구 호계1동 956번지 일원,721,2585,3850,2010,2021,'15.06.02,김종곤(031-8045-2374)
경기도 안양시,재개발,소곡지구,만안구 안양6동 585-2번지 일원,215,1068,1394,2008,2021,'10.12.06,이수영(031-8045-5642)
경기도 안양시,재건축,진흥로얄아파트,동안구 비산2동 577-1번지 일원,5,239,304,2015,2021,'17.11.06,이수진(031-8045-5639)
경기도 안양시,재건축,비산2동주민자치센터주변,만안구 비산2동 419-30번지 일원,242,864,1199,2008,2021,'14.10.31,고병천(031-8045-2399)
경기도 안양시,재개발,덕천,만안구 안양7동 148-1번지 일원,870,4910,4250,2006,2016,'08.12.31,윤덕열(031-8045-2747)
경기도 안양시,재건축,청원아파트주변,만안구 안양2동 80-4번지 일원,45,247,419,2007,2019,'09.03.31,이수진(031-8045-5639)
경기도 안양시,재건축,호계주공아파트주변,동안구 호계1동 977번지 일원,32,900,1174,2009,2019,'14.11.07,고병천(031-8045-2399)
경기도 안양시,재건축,주공아파트주변(단독주택),동안구 호계1동 981번지 일원,48,48,200,2011,2018,'14.01.28,권지영(031-8045-5639)
경기도 안양시,재건축,석수한신아파트주변지구,만안구 석수동 417-3번지 일원,55,577,742,2006,2010,'07.04.10,권지영(031-8045-5639)
경기도 안양시,재건축,백조아파트지구,만안구 석수동 374-5번지 일원,21,472,542,2005,2009,'05.10.27,권지영(031-8045-5639)
경기도 안양시,재건축,석수주공2단지지구,만안구 석수3동 788번지 일원,31,848,1134,2005,2009,'05.12.13,권지영(031-8045-5639)
경기도 안양시,재건축,석수주공3단지지구,만안구 석수3동 787번지 일원,11,425,553,2005,2010,'05.12.22,권지영(031-8045-5639)
경기도 안양시,재건축,박달1동 연합지구,만안구 박달1동 37번지 일원,63,313,392,2005,2009,'06.04.24,권지영(031-8045-5639)
경기도 안양시,재건축,동삼아파트지구,만안구 석수2동 485-8번지 일원,9,224,281,2005,2011,'05.10.25,권지영(031-8045-5639)
경기도 화성시,재개발,봉담1-1,동화리 340번지 일원,37,91,0,,,,윤종열(031-5189-2405)
경기도 화성시,재개발,봉담1-2,수영리  649-3번지 일원,33,227,0,,,,윤종열(031-5189-2405)
경기도 화성시,재개발,안녕1-1,안녕동 46-4번지 일원,136,447,0,,,,윤종열(031-5189-2405)
경기도 화성시,재개발,진안1-1,진안동 525-59번지 일원,23,94,0,,,,윤종열(031-5189-2405)
경기도 화성시,재개발,진안1-2,진안동 524-7번지 일원,13,181,0,,,,윤종열(031-5189-2405)
경기도 화성시,재개발,송산1-1,사강리 610-5번지 일원,43,109,0,,,,윤종열(031-5189-2405)
경기도 화성시,재개발,남양1-1,남양동 1263번지 일원,29,61,0,,,,윤종열(031-5189-2405)
경기도 화성시,재개발,우정1-1,조암리 227-2번지 일원,28,47,0,,,,윤종열(031-5189-2405)
경기도 화성시,재개발,우정1-2,조암리 360-2번지 일원,64,254,0,,,,윤종열(031-5189-2405)
경기도 화성시,재개발,향남1-1,발안리 60-2번지 일원,64,115,0,,,,윤종열(031-5189-2405)
경기도 화성시,도시환경,우정Ⅱ-1,조암리 270-38번지 일원,64,69,0,,,,윤종열(031-5189-2405)
경기도 화성시,도시환경,향남Ⅱ-5,평리 118-10번지 일원,22,58,0,,,,윤종열(031-5189-2405)
경기도 화성시,도시환경,봉담Ⅲ-1,와우리 160번지 일원,53,154,0,,,,윤종열(031-5189-2405)
경기도 화성시,재건축,화산주택,송산동 97-15일원,7,198,405,2013,,,윤종열(031-5189-2405)
경기도 평택시,재건축,합정주공,합정동 835 일원,33,1374,1918,2015,2025,,정예주(031-8024-4172)
경기도 평택시,재개발,세교1구역,세교동 202-5번지 일원,146,453,1573,2008,2025,'10.07.19,차윤(031-8024-4132)
경기도 평택시,재건축,서정연립,서정동 780 일원,25,420,1107,2012,,'18.07.03,정예주(031-8024-4172)
경기도 평택시,재건축,송원.현대연립,독곡동 359-5 일원,10,156,259,2011,,'11.09.23,정예주(031-8024-4172)
경기도 평택시,주거환경개선,두정지구,팽성읍 두정리 45-2번지 일원,79,,0,2014,2020,'16.02.29,김학형(031-8024-4122)
경기도 평택시,재건축,비전주공1,비전동 488 일원,13,450,553,2007,2009,'06.01.23,정예주(031-8024-4172)
경기도 평택시,재건축,비전주공2,비전동 143 일원,22,810,903,2007,2009,'06.03.23,정예주(031-8024-4172)
경기도 평택시,재건축,서정주공1,서정동 241,21,582,828,2007,2009,'06.03.21,정예주(031-8024-4172)
경기도 평택시,재건축,서정주공2,서정동 13,15,450,718,2007,2009,'06.04.24,정예주(031-8024-4172)
경기도 평택시,주거환경개선,지산지구,평택시 지산동 692번지일원,106,148,0,2006,2014,'08.06.25,정예주(031-8024-4172)
경기도 평택시,주거환경개선,세교지구,평택시 세교동 123번지일원,68,85,0,2006,2016,'08.06.25,정예주(031-8024-4172)
경기도 시흥시,재건축,대야동 삼보,대야동 275번지 일원,9,335,0,,,,현교훈(031-310-3762)
경기도 시흥시,재개발,신천동 동진,신천동 858번지 일원,32,474,0,,,,현교훈(031-310-3762)
경기도 시흥시,재개발,은행동 산호,은행동 243-1번지 일원,23,342,0,,,,현교훈(031-310-3762)
경기도 시흥시,재개발,은행1,은행동 251-6번지 일원,69,401,0,,,,현교훈(031-310-3762)
경기도 시흥시,재개발,은행2,은행동 276-10번지 일원,64,783,0,,,,현교훈(031-310-3762)
경기도 시흥시,재개발,포동1,포동 2번지 일원,95,1272,0,,,,현교훈(031-310-3762)
경기도 시흥시,재개발,목감1,조남동 171-4번지 일원,57,1534,0,,,,현교훈(031-310-3762)
경기도 시흥시,재건축,목감2,목감동 242-9번지 일원,43,800,0,,,,현교훈(031-310-3762)
경기도 시흥시,재건축,거모3,거모동 1474-1번지 일원,10,492,0,2013,,,현교훈(031-310-3762)
경기도 시흥시,재건축,대야3,대야동 284번지 일원,19,1025,1026,2013,,'20.09.29,현교훈(031-310-3762)
경기도 시흥시,재개발,대야동,대야동 303번지일대,110,673,1382,2006,,'15.10.08,현교훈(031-310-3762)
경기도 시흥시,주거환경개선,복음자리,신천동 33번지일대,234,234,313,2005,2010,'05.12.31,현교훈(031-310-3762)
경기도 김포시,주거환경개선,양곡마을,양촌읍 양곡리 403-4번지 일원,,,0,2018,,,박희진(031-980-5594)
경기도 김포시,주거환경관리,서암,통진읍 서암리 758-22번지 일원,51,126,0,2014,2019,,박희진(031-980-5594)
경기도 광명시,재건축,"철산주공10,11단지",철산2동 105,31,1080,1490,2014,2022,'19.06.13,김영진(02-2680-6954)
경기도 광명시,재건축,"철산주공8,9단지",철산2동 235,77,2064,3801,2014,2022,'18.12.28,김영환(02-2680-2907)
경기도 광명시,재건축,철산주공7단지,철산3동 233,23,599,1313,2014,2021,'17.08.08,김영환(02-2680-2907)
경기도 광명시,재건축,철산주공4단지,철산3동 452,15,470,798,2014,2021,'16.06.30,김영환(02-2680-2907)
경기도 광명시,재개발,철산두산위브아파트,철산동 50번지 일대,116,517,900,2003,2007,'03.05.06,김영환(02-2680-2907)
경기도 광명시,재건축,광육재건축단지,광명6동 354-24,241,241,1267,2006,2015,'06.06.30,김영환(02-2680-2907)
경기도 광명시,재건축,광명5동(월드메르디앙아파트),광명동 776-49,35,273,577,2004,2007,'03.06.26,김영환(02-2680-2907)
경기도 광명시,재건축,철산주공2단지아파트,철산동 373,24,1000,1264,2006,2009,'05.05.16,김영환(02-2680-2907)
경기도 광명시,재건축,철산주공3단지아파트,철산동 552,38,1900,2072,2006,2009,'05.05.16,김영환(02-2680-2907)
경기도 광명시,재건축,하안주공본1단지아파트,하안동 764,57,2440,2815,2006,2010,'05.05.16,김영환(02-2680-2907)
경기도 광명시,재건축,하안주공본2단지아파트,하안동 769,42,940,1248,2006,2009,'05.05.16,김영환(02-2680-2907)
경기도 광명시,주거환경개선,광명철산,철산동 510,380,1952,2351,1996,2002,'96.11.14,고성근(02-2680-0738)
경기도 광명시,주거환경개선,광명삼각주,철산동 606,170,281,401,1997,2001,'97.09.30,고성근(02-2680-0738)
경기도 광명시,주거환경개선,광명신촌마을,소하동 4-1 일원,501,919,1760,2003,2010,'05.02.07,고성근(02-2680-0738)
경기도 군포시,도시환경,군포10구역,당동 781-1번지 일원,102,610,1046,2010,2025,,이수민(031-390-0983)
경기도 군포시,재건축,산본주공아파트,군포시 산본동 208외 5,80,1728,2644,2002,2010,'06.07.10,민승준(031-390-0725)
경기도 오산시,도시환경,오산경일신안,원동 785-1번지 일원,11,110,515,2016,2021,'18.09.12,류상범(031-8036-7774)
경기도 오산시,주거환경관리,오매장터,오산동 354-4번지 일원,187,433,0,2013,2020,,하상종(031-8036-7773)
경기도 이천시,재개발,이천관고동,관고동 226번지 일원,62,284,616,2013,2024,'20.12.31,이은영(031-644-7133)
경기도 안성시,재개발,신건지동 1구역,신건지동 8번지 일원,18,214,199,2013,,,조재성(031-678-3022)
경기도 의왕시,재개발,내손가구역,내손동 700번지일원,148,149,618,2008,2025,,임재원(031-345-3494)
경기도 의왕시,재건축,부곡다구역,삼동 146번지일원,99,1324,1579,,,,박민호(031-345-3498)
경기도 의왕시,도시환경,오전라구역,오전동 323-3번지 일원,49,161,477,2012,2025,,유태초(031-345-3497)
경기도 의왕시,재개발,고천나구역,고천동 265번지 일원,283,737,1913,2008,2023,'20.12.17,홍성진(031-345-3492)
경기도 의왕시,재개발,오전다구역,오전동 350-1번지일원,290,1763,3209,2008,2025,'20.12.17,홍성진(031-345-3492)
경기도 의왕시,도시환경,고천가구역,고천동 276-8번지일원,76,149,933,2008,2024,'21.03.29,박민호(031-345-3498)
경기도 의왕시,재개발,부곡가구역,삼동 192-244번지일원,191,961,1719,2008,2023,'17.04.26,임재원(031-345-3494)
경기도 의왕시,재개발,내손라구역,내손동 661번지일원,250,1360,2180,2008,2023,'18.02.05,임재원(031-345-3494)
경기도 의왕시,재개발,내손다구역,내손동 683번지일원,448,1397,2633,2008,2023,'18.04.11,임재원(031-345-3494)
경기도 의왕시,재개발,오전나구역,오전동 32-5번지일원,105,233,733,2008,2023,'14.06.18,박민호(031-345-3498)
경기도 의왕시,재건축,오전가구역,오전동 52번지일원,60,654,941,2008,2021,'14.02.12,유태초(031-345-3497)
경기도 의왕시,재건축,포일주공아파트,"내손동 844번지 일원
(구번지:623번지일원)",59,2230,2540,2002,2009,'05.05.16,유태초(031-345-3497)
경기도 의왕시,재건축,의왕내손주택,"내손동 842번지
(구번지:630번지일원)",27,519,696,2003,2009,'05.05.16,유태초(031-345-3497)
경기도 의왕시,재건축,청화아파트,"포일동 643번지
(구번지:540번지)",4,420,447,2003,2009,'06.06.13,유태초(031-345-3497)
경기도 의왕시,재건축,대우사원주택,내손동 627번지일원,81,1276,2422,2002,2011,'05.05.16,유태초(031-345-3497)
경기도 의왕시,도시환경,오전마구역,오전동 324-4번지일원,13,41,536,2010,2019,'12.01.27,유태초(031-345-3497)
경기도 하남시,재개발,C구역,덕풍동 285-31번지 일대,219,1046,980,2010,2025,'20.07.30,곽병서(031-790-5186)
경기도 과천시,재건축,"주공8,9단지구역",부림동 41번지 일원,29,2120,2859,,,,차환(02-3677-2652)
경기도 과천시,재건축,주공10단지구역,중앙동 67번지 일원,26,632,1339,,,,박초롱(02-3677-2657)
경기도 과천시,재개발,주암장군마을,주암동 63-9번지 일원,143,420,880,2018,2025,,이명진(02-3677-2656)
경기도 과천시,재건축,주공5단지구역,별양동 6번지 일원,7,800,1240,2020,2027,,김민수(02-3677-2653)
경기도 과천시,재건축,주공4단지구역,별양동 7번지 일원,10,1110,1437,2018,2024,'20.09.01,박초롱(02-3677-2657)
경기도 과천시,재건축,주공2단지,"원문동 2, 별양동 8번지 일원",38,1620,2128,2012,,'15.06.30,차환(02-3677-2652)
경기도 과천시,재건축,주공7-1단지,부림동 49번지 일원,24,722,1317,2013,2019,'15.08.27,김민수(02-3677-2653)
경기도 과천시,재건축,주공12단지,갈현동 369 일원,5,44,100,2007,2020,'06.07.11,이명진(02-3677-2656)
경기도 과천시,재건축,주공1단지,중앙동 37번지 일원,39,1062,1571,2012,2019,'15.06.17,김민수(02-3677-2653)
경기도 과천시,재건축,주공7-2단지,별양동 3번지 일원,11,400,543,2013,2018,'14.10.31,김민수(02-3677-2653)
경기도 남양주시,재개발,진접7,진접읍 내각리 산31-7일원,7,228,0,,,,김원호(031-590-8753)
경기도 남양주시,재개발,호평1,호평동 184-1일원,45,172,0,,,,김원호(031-590-8753)
경기도 남양주시,재개발,금곡6,금곡동 162-42일원,45,560,0,,,,김원호(031-590-8753)
경기도 남양주시,재개발,금곡7,금곡동 158-7일원,22,164,0,,,,김원호(031-590-8753)
경기도 남양주시,재개발,퇴계원1,퇴계원읍 퇴계원리 261-16일원,78,468,0,,,,김원호(031-590-8753)
경기도 남양주시,재개발,퇴계원2,퇴계원읍 퇴계원리 109-8일원,68,285,0,,,,김원호(031-590-8753)
경기도 남양주시,재개발,퇴계원4,퇴계원읍 퇴계원리 82-13일원,114,417,0,,,,김원호(031-590-8753)
경기도 남양주시,재개발,퇴계원5,퇴계원읍 퇴계원리 272일원,41,263,0,,,,김원호(031-590-8753)
경기도 남양주시,재개발,퇴계원7,퇴계원읍 퇴계원리 329-69일원,24,211,0,,,,김원호(031-590-8753)
경기도 남양주시,재건축,오남1,오남읍 오남리 683-5 일원,48,2296,0,,,,박형진(031-590-4769)
경기도 남양주시,재건축,"호평2
(남양아파트)",호평동 196-4일원,7,339,339,2010,,,김원호(031-590-8753)
경기도 남양주시,재건축,"금곡5
(인정프린스)",금곡동 산108-1일원,3,270,270,2010,,,김원호(031-590-8753)
경기도 남양주시,재건축,"금곡2
(서울아파트)",금곡동 159-59 일원,9,413,576,2016,2022,,허용욱(031-590-2386)
경기도 남양주시,재건축,"평내1
(진주아파트)",평내동 산84-11일원,43,1260,1843,2010,,'10.09.17,김선혁(031-590-4317)
경기도 남양주시,재건축,"평내2 (양지,삼창아파트)",평내동 103-2일원,11,1005,1108,2010,2022,'16.12.22,양현덕(031-590-4417)
경기도 남양주시,재건축,지금2지구,지금동 129-65 일원,222,1470,1008,2003,2015,'07.03.22,김선혁(031-590-4317)
경기도 남양주시,재건축,도농3개통,도농동 294 일원,118,212,457,2003,2014,'07.07.23,양현덕(031-590-4417)
경기도 남양주시,재건축,"남광,신우",도농동 2-5 일원,9,177,317,2000,2013,'09.11.03,양현덕(031-590-4417)
경기도 의정부시,재개발,장암5구역,신곡동 406번지 일원,,912,1070,2018,2028,,현지영(031-828-8844)
경기도 의정부시,재개발,장암3구역,신곡동 435-3번지 일원,127,460,902,2015,2022,'18.12.27,이미연(031-828-8843)
경기도 의정부시,재개발,장암1구역,신곡동 571-1번지 일원,100,209,769,2014,2023,'14.01.28,이미연(031-828-8843)
경기도 의정부시,재개발,금오1구역,금오동 65-3번지 일원,82,432,832,2012,2024,'12.12.07,현지영(031-828-8844)
경기도 의정부시,재개발,중앙3구역,의정부동 394-11번지 일원,84,759,926,2014,2025,'16.05.17,신경연(031-828-8842)
경기도 의정부시,재개발,가능1구역,가능동 581-1번지 일원,95,245,466,2014,2023,'14.04.03,신경연(031-828-8842)
경기도 의정부시,재개발,중앙2구역,의정부동 380번지 일원,583,1858,2473,2014,2025,'15.03.31,신경연(031-828-8842)
경기도 의정부시,재개발,가능2구역,가능동 224-24번지 일원,62,175,420,2014,2023,'14.01.24,현지영(031-828-8844)
경기도 의정부시,재개발,장암4구역,장암동 34-1번지 일원,72,174,677,2013,2021,'13.09.11,이미연(031-828-8843)
경기도 의정부시,재건축,송산1구역,용현동 241번지 일원,41,1580,2571,2016,2022,'16.11.01,이미연(031-828-8843)
경기도 의정부시,주거환경개선,"안말2
(호원3구역)",호원동 252번지 일원,102,108,0,2006,2012,'12.04.12,김민석(031-828-8845)
경기도 동두천시,주거환경개선,중앙,생연동 483번지 일원,265,295,0,2007,,,강정훈(031-860-2374)
경기도 동두천시,재건축,생연동 국민주택,동두천시 생연동 704번지 일원,7,120,217,2014,,,유재란(031-860-2392)
경기도 동두천시,재건축,생연동 주공생연아파트,생연동 284번지 일원,9,300,576,2014,,'20.03.11,최민석(031-860-2402)
경기도 동두천시,주거환경개선,생연1-1,생연동 515-5번지 일원,194,408,0,2007,2016,'13.03.15,강정훈(031-860-2374)
경기도 동두천시,주거환경개선,안흥,안흥동 38번지 일원,154,225,0,2007,2015,'13.05.31,강정훈(031-860-2374)
경기도 동두천시,주거환경개선,싸리말,보산동 314번지 일원,165,185,0,2007,2012,'10.02.18,강정훈(031-860-2374)
경기도 고양시,재개발,행신Ⅰ-1구역,행신동3동 222번지일원,84,723,0,,,,송현직(031-8075-3435)
경기도 고양시,재건축,관산Ⅱ-1구역,관산동 178-57대 일원,8,435,0,,,,송현직(031-8075-3435)
경기도 고양시,재개발,일산Ⅰ-2구역,일산동 960-16번지 일원,9,9,390,2015,,,송현직(031-8075-3435)
경기도 고양시,재개발,고양 Ⅰ-1구역,덕양구 고양동 22-2번지 일원(제일복지회관 주변),45,196,352,2009,,,송현직(031-8075-3435)
경기도 고양시,재건축,행신 Ⅱ-1구역,행신동 173-1번지일원(행신지구 재건축 주변),13,267,272,2010,,,권호영(031-8075-3432)
경기도 고양시,재개발,고양Ⅰ-2구역,덕양구 고양동 92-1번지 일원(한양연립 주변),14,160,260,2008,,'11.06.24,송현직(031-8075-3435)
경기도 고양시,재건축,"능곡 2-1
(능곡연합)",덕양구 토당동 251-12번지 일원,45,534,834,2007,,'08.03.14,권호영(031-8075-3432)
경기도 고양시,재건축,원당주공2단지,성사동 715번지,37,1260,1651,2007,2010,'06.05.24,송현직(031-8075-3435)
경기도 고양시,재건축,주교성사1단지,덕양구 성사동 869,35,1050,1486,2005,2009,'06.06.20,송현직(031-8075-3435)
경기도 고양시,재건축,일산Ⅱ-1구역(탄현주공),탄현동 28번지 일원,13,33,589,2007,2012,'08.12.31,송현직(031-8075-3435)
경기도 고양시,도시환경,관산1차,관산동 178-52번지 일원,21,33,340,2007,2012,'07.09.21,송현직(031-8075-3435)
경기도 구리시,재개발,딸기원2지구,교문동339일원,184,477,1096,2013,,'20.02.17,홍주영(031-550-8304)
경기도 구리시,재건축,수택1지구,수택동532번지일원,143,305,565,2004,2022,'08.12.24,배강록(031-550-2411)
경기도 구리시,재개발,인창주택,인창동320-2 일원,135,375,632,2005,2021,'08.02.11,홍주영(031-550-8304)
경기도 구리시,재건축,수택지구,수택동556번지 일원,68,257,410,2004,2021,'16.02.04,방제훈(031-550-8302)
경기도 양주시,재개발,신산1,남면 신산리 285-75번지 일원,100,100,0,,,,송용재(031-8082-6561)
경기도 양주시,재개발,덕계1,덕계동 614-29번지 일원,80,80,0,,,,송용재(031-8082-6561)
경기도 양주시,재개발,덕계2,덕계동 634번지 일원,88,88,0,,,,송용재(031-8082-6561)
경기도 양주시,재개발,덕계4,덕계동 452-1번지 일원,61,61,0,,,,송용재(031-8082-6561)
경기도 양주시,재개발,덕계5,덕계동 411-96번지 일원,105,105,0,,,,송용재(031-8082-6561)
경기도 양주시,도시환경,신산2,남면 신산리 285-129번지 일원,99,99,0,,,,송용재(031-8082-6561)
경기도 파주시,재개발,금촌1-5,금촌동 950-10번지 일원,67,150,0,,,,백승국(031-940-4776)
경기도 파주시,재개발,문산1-2,문산읍 선유리 950-11번지일원,78,132,0,,,,백승국(031-940-4776)
경기도 파주시,재개발,문산1-4,문산읍 문산리 68-40번지일원,264,353,0,,,,백승국(031-940-4776)
경기도 파주시,재개발,문산1-6,문산읍 선유리 903-10번지일원,55,333,0,,,,백승국(031-940-4776)
경기도 파주시,재개발,파주1-1,파주읍 파주리 375-20번지일원,150,195,0,,,,백승국(031-940-4776)
경기도 파주시,재개발,파주1-2,파주읍 파주리 126-1번지일원,75,145,0,,,,백승국(031-940-4776)
경기도 파주시,재개발,파주1-4,연풍리 295-19번지일원,174,227,0,,,,백승국(031-940-4776)
경기도 파주시,재개발,법원1-1,법원읍 대능리 246-2번지일원,111,128,0,,,,백승국(031-940-4776)
경기도 파주시,재개발,법원1-2,법원읍 법원리 686번지일원,163,255,0,,,,백승국(031-940-4776)
경기도 파주시,재개발,법원1-4,법원읍 법원리 430-5번지일원,176,180,0,,,,백승국(031-940-4776)
경기도 파주시,도시환경,문산3-2구역,선유리 426-10번지 일원,292,340,0,,,,백승국(031-940-4776)
경기도 파주시,도시환경,법원3-1구역,법원읍 대능리 87-9번지일원,93,96,0,,,,백승국(031-940-4776)
경기도 파주시,재개발,파주1-3,파주읍 연풍리 313-3번지일원,501,565,2593,2019,2023,,안운혁(031-940-4775)
경기도 파주시,재개발,문산3리지구,문산읍 문산리81-61 일원,185,285,940,2019,2023,'20.09.08,백승국(031-940-4776)
경기도 파주시,재개발,문산1-5,문산읍 문산리 31-1번지일원,24,394,668,2019,2023,'20.06.30,백승국(031-940-4776)
경기도 파주시,재개발,새말지구,금촌동390-36,328,950,2583,2019,2023,'20.06.30,안운혁(031-940-4775)
경기도 파주시,재개발,금촌2동제2지구,금촌동 337-15,146,319,1055,2018,2022,'18.07.24,백승국(031-940-4776)
경기도 파주시,재개발,율목지구,금촌동341,187,304,1213,2018,2022,'18.07.24,안운혁(031-940-4775)
경기도 파주시,재건축,협신연립,아동동 275-13,6,96,115,2011,2025,'11.03.02,안운혁(031-940-4775)
경기도 파주시,재건축,초원연립,"문산읍 당동리 산38-1, 산38-8",6,37,66,2016,2019,'15.12.15,백승국(031-940-4776)
경기도 용인시,주거환경개선,김량장1,처인구 김량장동 226-6번지 일원,,,0,,,,박상준(031-324-2408)
경기도 용인시,주거환경개선,마평2,처인구 마평동 612-4번지 일원,,,0,,,,박상준(031-324-2408)
경기도 용인시,주거환경개선,고림2,처인구 고림동 794-29번지 일원,,,0,,,,박상준(031-324-2408)
경기도 용인시,주거환경개선,마북1,기흥구 마북동 295-7번지 일원,,,0,,,,박상준(031-324-2408)
경기도 용인시,재건축,처인1,처인구 김량장동 201-3번지 일원,4,,0,,,,윤대혁(031-324-2407)
경기도 용인시,재건축,처인2,처인구 마평동 605-1번지 일원,2,,0,,,,윤대혁(031-324-2407)
경기도 용인시,재건축,처인3,이동읍 천리 118-1번지 일원,1,,0,,,,윤대혁(031-324-2407)
경기도 용인시,재건축,처인4,처인구 유방동 1007-1번지 일원,4,,0,,,,윤대혁(031-324-2407)
경기도 용인시,재건축,처인5,처인구 유방동 1007-50번지 일원,3,,0,,,,윤대혁(031-324-2407)
경기도 용인시,재건축,처인6,처인구 김량장동 4-2번지 일원,7,,0,,,,윤대혁(031-324-2407)
경기도 용인시,재건축,기흥1,기흥구 구갈동 380번지 일원,12,,0,,,,윤대혁(031-324-2407)
경기도 용인시,재건축,기흥2,기흥구 구갈동 385-1번지 일원,7,,0,,,,윤대혁(031-324-2407)
경기도 용인시,재건축,기흥3,기흥구 구갈동 385번지 일원,4,,0,,,,윤대혁(031-324-2407)
경기도 용인시,재건축,기흥4,기흥구 신갈동 116-2번지 일원,2,,0,,,,윤대혁(031-324-2407)
경기도 용인시,재건축,기흥5,기흥구 구갈동 384-1번지 일원,3,,0,,,,윤대혁(031-324-2407)
경기도 용인시,재건축,기흥6,기흥구 고매동 385-4번지 일원,2,,0,,,,윤대혁(031-324-2407)
경기도 용인시,재건축,기흥7,기흥구 구갈동 390번지 일원,10,,0,,,,윤대혁(031-324-2407)
경기도 용인시,재건축,기흥8,기흥구 신갈동 14-4번지 일원,2,,0,,,,윤대혁(031-324-2407)
경기도 용인시,재건축,수지1,수지구 풍덕천동 663-1번지 일원,9,,0,,,,윤대혁(031-324-2407)
경기도 용인시,재건축,수지2,수지구 풍덕천동 698-2번지 일원,10,,0,,,,윤대혁(031-324-2407)
경기도 용인시,재건축,수지3,수지구 풍덕천동 692-1번지 일원,5,,0,,,,윤대혁(031-324-2407)
경기도 용인시,재건축,수지4,수지구 풍덕천동 690번지 일원,5,,0,,,,윤대혁(031-324-2407)
경기도 용인시,재건축,수지5,수지구 풍덕천동 693번지 일원,6,,0,,,,윤대혁(031-324-2407)
경기도 용인시,재건축,수지6,수지구 풍덕천동 664번지 일원,10,,0,,,,윤대혁(031-324-2407)
경기도 용인시,재건축,수지7,수지구 풍덕천동 700-1번지 일원,12,,0,,,,윤대혁(031-324-2407)
경기도 용인시,재건축,수지8,수지구 풍덕천동 692번지 일원,5,,0,,,,윤대혁(031-324-2407)
경기도 용인시,재건축,수지9,수지구 풍덕천동 694번지 일원,3,,0,,,,윤대혁(031-324-2407)
경기도 용인시,재건축,수지10,수지구 풍덕천동 703번지 일원,5,,0,,,,윤대혁(031-324-2407)
경기도 용인시,재건축,수지11,수지구 풍덕천동 699번지 일원,5,,0,,,,윤대혁(031-324-2407)
경기도 용인시,재건축,수지12,수지구 풍덕천동 691번지 일원,6,,0,,,,윤대혁(031-324-2407)
경기도 평택시,재개발,통복1,통복동 35-3 일원,186,0,0,,,,
경기도 평택시,재개발,평택1,평택동 76 일원,99,0,0,,,,
경기도 평택시,재건축,독곡1,독곡동 464 일원,8,483,0,,,,
경기도 평택시,재건축,지산1,지산동 1029 일원,11,360,0,,,,
경기도 평택시,재건축,지산2,지산동 1089 일원,3,299,0,,,,
경기도 평택시,재건축,지산3,지산동 1028 일원,2,300,0,,,,
경기도 평택시,재건축,지산4,지산동 1091 일원,3,216,0,,,,
경기도 평택시,재건축,지산5,지산동 1095 일원,14,414,0,,,,
경기도 평택시,재건축,서정1,서정동 793 일원,11,520,0,,,,
경기도 평택시,재건축,서정2,서정동 794 일원,12,420,0,,,,
경기도 평택시,재건축,서정3,서정동 909-1 일원,10,380,0,,,,
경기도 평택시,재건축,이충1,이충동 478 일원,13,490,0,,,,
경기도 평택시,재건축,이충2,이충동 381 일원,14,1266,0,,,,
경기도 평택시,재건축,합정1,합정동 829 일원,23,1164,0,,,,
경기도 평택시,재건축,동삭1,동삭동 340-6 일원,7,612,0,,,,
경기도 평택시,재건축,남산1,팽성읍 남산리 산76-9 일원,5,90,0,,,,
경기도 평택시,주거환경개선,송탄-01,신장동 624-22 일원,172,0,0,,,,
경기도 평택시,주거환경개선,송탄-02,신장동 280-46 일원,196,0,0,,,,
경기도 평택시,주거환경개선,송탄-03,서정동 570-65 일원,178,0,0,,,,
경기도 평택시,주거환경개선,송탄-04,신장동 267-292 일원,215,0,0,,,,
경기도 평택시,주거환경개선,송탄-05,서정동 873-29 일원,202,0,0,,,,
경기도 평택시,주거환경개선,송탄-06,서정동 893-13 일원,171,0,0,,,,
경기도 평택시,주거환경개선,팽성-01,팽성읍 송화리 50-15일원,139,0,0,,,,
경기도 수원시,재개발,115-3,고등동 94-1일원,231,543,1067,2006,,'11.09.08,박정미(031-228-3483)
경기도 안양시,재개발,충훈부 일원,만안구 석수동 768-6 일원,450,2477,0,,,,전민성(031-8045-2561)
경기도 안양시,재개발,종합운동장 동측,동안구 비산동 1047-20 일원,285,1344,0,,,,강현민(031-8045-5314)
경기도 안양시,재개발,종합운동장 북측,동안구 비산동 1015-22 일원,200,901,0,,,,윤덕열(031-8045-2747)
경기도 군포시,재개발,금정역 역세권,군포시 산본동 1028번지 일원,150,1022,1441,2020,2024,,서연석(031-390-0725)
경기도 군포시,재개발,산본1동1지구,군포시 산본동 79-8번지 일원,322,1661,2021,2020,2024,,서연석(031-390-0725)
 서울특별시,재건축,-,반포동 591-1,,,,,,,
 서울특별시,재개발,중화2재정비촉진구역 주택재개발정비사업,중화동 329-38,,,2317,,,,
 서울특별시,재개발,수색11재정비촉진구역,수색동 32-13,,,,,,,
 서울특별시,재개발,돈의문 2구역 도시환경정비구역,교남동 28,,,,,,,
 서울특별시,재개발,영등포1-15 재정비촉진구역,영등포동2가 34-4,,,26,,,,
 서울특별시,재개발,문래동2?3가 도시환경정비사업,문래동2가 14-84,,,916,,,,
 서울특별시,재개발,영등포1-19 재정비촉진구역,영등포동2가 333-,,,,,,,
 서울특별시,재개발,영등포1-24 재정비촉진구역,영등포동2가 170-,,,74,,,,
 서울특별시,재개발,영등포1-23 재정비촉진구역,영등포동2가 213-,,,141,,,,
 서울특별시,재개발,영등포1-25 재정비촉진구역,영등포동2가 159-,,,48,,,,
 서울특별시,재개발,문래동1?2가 도시환경정비구역,문래동1가 70-1,,,809,,,,
 서울특별시,재개발,영등포1-5 재정비촉진구역,영등포동5가 46-4,,,45,,,,
 서울특별시,재개발,영등포1-6 재정비촉진구역,영등포동5가 64,,,49,,,,
 서울특별시,재개발,영등포1-7 재정비촉진구역,영등포동5가 49-1,,,,,,,
 서울특별시,재개발,영등포1-14 재정비촉진구역,영등포동5가 34-16,,,54,,,,
 서울특별시,재개발,영등포1-16 재정비촉진구역,영등포동5가 34-46,,,60,,,,
 서울특별시,재개발,영등포1-17 재정비촉진구역,영등포동2가 34-75,,,28,,,,
 서울특별시,재개발,영등포1-20 재정비촉진구역,영등포동2가 256-,,,122,,,,
 서울특별시,재개발,영등포1-22 재정비촉진구역,영등포동2가 328-11,,,63,,,,
 서울특별시,재개발,영등포1-1 재정비촉진구역,영등포동7가 105-7,,,87,,,,
 서울특별시,재개발,영등포1-8 재정비촉진구역,영등포동5가 38-3,,,47,,,,
 서울특별시,재개발,영등포1-10 재정비촉진구역,영등포동5가 100,,,89,,,,
 서울특별시,재개발,영등포1-21 재정비촉진구역,영등포동2가 299-,,,156,,,,
 서울특별시,재개발,영등포1-9 재정비촉진구역,영등포동5가 81-1,,,,,,,
 서울특별시,,영등포1-18 재정비촉진구역,영등포동5가 6,,,59,,,,
 서울특별시,재건축,,개포동 653,,,,,,,
 서울특별시,재개발,도시정비형 재개발사업,교남동 28,,,379,,,,
 서울특별시,재건축,,상계동 721,,,,,,,
 서울특별시,재건축,여의도동 28번지 광장아파트 주택재건축정비사업,여의도동 28,,,,,,,
 서울특별시,재건축,,가산동 12-222,,,,,,,
 서울특별시,재개발,,가산동 1231-1,,,,,,,
 서울특별시,재개발,,신당동 236-100,,,,,,,
 서울특별시,재건축,시흥동 남서울 럭키아파트 재건축 예정구역,시흥동 1002-2,,,,,,,
 서울특별시,재건축,,당산동5가 7-2,,,,,,,
 서울특별시,재건축,방배동 528-3번지 일대,방배동 528-3,,,1138,,,,
 서울특별시,재개발,,중림동 398,,,,,,,
 서울특별시,재건축,,문래동3가 76-1,,,,,,,
 서울특별시,재개발,,당산동3가 410-,,,,,,,
 서울특별시,재개발,,중림동 398-1,,,,,,,
 서울특별시,재개발,,영등포동4가 423-,,,,,,,
 서울특별시,재건축,,문래동5가 22-,,,,,,,
 서울특별시,재개발,,천호동 532-2,,,,,,,
 서울특별시,재개발,,신정동 1152-1,,,,,,,
 서울특별시,재건축,,가산동 12-12,,,,,,,
 서울특별시,재건축,,가산동 12-32,,,,,,,
 서울특별시,재개발,염리5구역 주택재개발정비사업 조합설립추진위원회,염리동 105,,,1041,,,,
 서울특별시,재건축,,화곡동 1040-24,,,,,,,
 서울특별시,재개발,,양평동1가 9-6,,,,,,,
 서울특별시,재건축,미성아파트 주택재건축정비사업,여의도동 37,,,,,,,
 서울특별시,재개발,내자.필운구역 도시환경정비사업,내자동 81,,,266,,,,
 서울특별시,재개발,창신11구역 주택재개발정비사업,창신동 23-,,,900,,,,
 서울특별시,재개발,마포로 5-10구역 도시환경정비사업,중림동 186-1,,,,,,,
 서울특별시,재건축,후암동제1구역주택재건축정비사업조합설립추진위원회,후암동 142-4,,,,,,,
 서울특별시,재개발,신대방역세권 도시정비형 재개발정비사업,신대방동 600-14,,,1024,,,,
 서울특별시,재개발,전농8구역추진위원회,전농동 204,,,1515,,,,
 서울특별시,재개발,전농12주택재개발정비구역,전농동 643,,,246,,,,
 서울특별시,재개발,,장위동 68-274,,,,,,,
 서울특별시,재개발,강북3 도시환경정비구역,미아동 45-32,,,,,,,
 서울특별시,재건축,수유1-1구역주택재건축 조합설립추진위원회,수유동 472-81,,,,,,,
 서울특별시,재개발,신설제1구역주택재개발정비사업조합설립추진위원회,신설동 92-5,,,,,,,
 서울특별시,재건축,삼익그린2차아파트 주택재건축정비사업구역,명일동 15,,,,,,,
 서울특별시,재개발,,미아동 791-108,,,,,,,
 서울특별시,재건축,불광동1619-3번지일대 주택재건축정비사업조합설립추진위원회,불광동 19-3,,,423,,,,
 서울특별시,재건축,목화아파트 주택재건축정비사업조합설립추진위원회,여의도동 30,,,,,,,
 서울특별시,재건축,자양7구역 주택재건축정비사업,자양동 464-40,,,874,,,,
 서울특별시,재건축,,여의도동 30-2,,,,,,,
 서울특별시,재개발,흑석1재정비촉진구역,흑석동 43-7,,,,,,,
 서울특별시,재개발,봉천제13구역 주택재개발정비사업,봉천동 913-1,,,,,,,
 서울특별시,재건축,도곡삼익아파트 재건축정비구역,도곡동 869,,,,,,,
 서울특별시,재건축,도곡동개포5차우성아파트재건축정비구역,도곡동 463-1,,,,,,,
 서울특별시,재건축,중화동 324번지 일대주택재건축사업,중화동 324,,,365,,,,
 서울특별시,재건축,,수유동 170-2,,,,,,,
 서울특별시,재개발,강북5구역 도시환경정비사업,미아동 61-79,,,,,,,
 서울특별시,재건축,반포경남아파트구역,반포동 1-8,,,,,,,
 서울특별시,재건축,중곡아파트 주택재건축정비사업,중곡동 190-26,,,,,,,
 서울특별시,재건축,신반포12차아파트 주택재건축정비사업,잠원동 50-5,,,441,,,,
 서울특별시,재개발,청파제1구역주택재개발정비사업조합설립추진위원회,청파동2가 106,,,,,,,
 서울특별시,재건축,봉천6-1구역 주택재건축정비사업,봉천동 63-89,,,,,,,
 서울특별시,재건축,양평동 신동아아파트 주택재건축 정비사업,양평동1가 20,,,,,,,
 서울특별시,재건축,고척동 산업인아파트 주택재건축정비사업,고척동 57-9,,,,,,,
 서울특별시,재개발,신정3재정비촉진3-1구역,신정동 1190-1,,,,,,,
 서울특별시,재개발,답십리자동차부품상가 도시정비형 재개발정비사업,답십리동 952,,,,,,,
 서울특별시,재건축,신수 2구역 주택재건축 추진위원회,신수동 225-7,,,234,,,,
 서울특별시,재건축,압구정아파트지구 특별계획구역① 재건축사업,압구정동 414,,,,,,,
 서울특별시,재건축,압구정아파트지구 특별계획구역② 재건축사업,압구정동 434,,,2591,,,,
 서울특별시,재건축,개포럭키아파트 주택재건축정비사업,도곡동 462,,,,,,,
 서울특별시,재개발,용두1도시환경정비구역 제5지구,용두동 23-1,,,,,,,
 서울특별시,재개발,창신4도시환경정비구역,창신동 330-1,,,420,,,,
 서울특별시,재건축,시범아파트,여의도동 50,,,,,,,
 서울특별시,재개발,성북제1구역주택재개발정비사업조합설립추지위원회,성북동 179-68,,,2044,,,,
 서울특별시,재개발,신월1구역,신월동 159-192,,,1400,,,,
 서울특별시,재건축,오금동 143,오금동 143-,,,,,,,
 서울특별시,재개발,용두제7 도시환경정비사업구역,용두동 53-6,,,,,,,
 서울특별시,재개발,양평제14구역 도시환경정비사업 ,양평동2가 29-6,,,,,,,
 서울특별시,재건축,성수동 장미아파트 주택재건축 정비사업,성수동1가 656-421,,,268,,,,
 서울특별시,재건축,,수유동 291-224,,,,,,,
 서울특별시,재개발,미포로5구역제2지구도시환경정비사업,충정로3가 250-,,,,,,,
 서울특별시,재개발,용두제6 도시환경정비사업구역,용두동 52-28,,,,,,,
 서울특별시,재건축,면목제15구역 주택재건축정비사업조합설립추진위원회,면목동 172-1,,,,,,,
 서울특별시,재건축,우성아파트 주택재건축정비사업구역,잠실동 101-1,,,2326,,,,
 서울특별시,재개발,장위15구역 주택재개발정비사업,장위동 233-42,,,2464,,,,
 서울특별시,재개발,상봉6재정비촉진구역,상봉동 107-1,,,1835,,,,
 서울특별시,재개발,신정3재정비촉진지구2구역 도시환경정비사업,신정동 1182-1,,,,,,,
 서울특별시,재건축,,성수동1가 22-13,,,,,,,
 서울특별시,재건축,청화아파트 주택재건축 정비사업,이태원동 22-2,,,,,,,
 서울특별시,재건축,신월2구역 주택재건축정비사업 조합설립추진위원회,신월동 487-4,,,,,,,
 서울특별시,재개발,정릉3구역주택재개발정비사업조합추진위원회,정릉동 894,,,,,,,
 서울특별시,재개발,미아제16구역주택재개발정비사업조합설립추진위원회,미아동 6,,,,,,,
 서울특별시,재건축,신반포궁전아파트 주택재건축정비사업 조합설립추진위원회,반포동 65-1,,,222,,,,
 서울특별시,재건축,중화동131-35일대 재건축정비구역,중화동 131-35,,,,,,,
 서울특별시,재건축,신반포26차 주택재건축정비사업,잠원동 62-4,,,,,,,
 서울특별시,재건축,,여의도동 32,,,,,,,
 서울특별시,재개발,용두1도시환경정비구역 제3지구 도시정비형재개발사업,용두동 26-14,,,,,,,
 서울특별시,재건축,우창연립,가산동 547-44,,,,,,,
 서울특별시,재개발,문래동4가 도시환경정비구역,문래동4가 23-6,,,915,,,,
 서울특별시,재개발,가재울7재정비촉진구역 주택재개발정비사업조합설립추진위원회,북가좌동 73-1,,,1311,,,,
 서울특별시,재건축,대교아파트 주택재건축정비사업,여의도동 41,,,802,,,,
 서울특별시,재개발,정릉제8구역주택재개발정비사업조합설립추진위원회,정릉동 895,,,,,,,
 서울특별시,재개발,홍제3구역도시환경정비사업 조합설립추진위원회,홍제동 306-2,,,,,,,
 서울특별시,재건축,은마아파트 주택재건축정비사업 조합설립추진위원회,대치동 316,,,5010,,,,
 서울특별시,재개발,흑석2재정비촉진구역 재개발정비사업 조합설립추진위원회,흑석동 99-3,,,508,,,,
 서울특별시,재건축,이촌동제1구역 주택재건축정비사업,이촌동 203-75,,,,,,,
 서울특별시,재건축,압구정아파트지구 특별계획구역③ 재건축정비사업,압구정동 369-1,,,,,,,
 서울특별시,재건축,가산1구역 주택재건축정비사업조합설립추진위원회,가산동 146-78,,,,,,,
 서울특별시,재건축,독산4.5구역 단독주택재건축정비구역,독산동 147-20,,,548,,,,
 서울특별시,재건축,신반포25차아파트 일대 주택재건축정비사업조합설립추진위원회(예정),잠원동 61-1,,,296,,,,
 서울특별시,재개발,전농제9구역주택재개발정비사업조합설립 추진위원회,전농동 103,,,,,,,
 서울특별시,재건축,송파동 100번지 주택재건축 정비사업,송파동 100-,,,482,,,,
 서울특별시,재건축,시범아파트 신탁재건축정비사업,여의도동 50,,,1933,,,,
 서울특별시,재건축,중산아파트 주택재건축정비사업,이촌동 211-2,,,,,,,
 서울특별시,재개발,정비창전면 제1구역 도시환경정비사업,한강로3가 40-641,,,678,,,,
 서울특별시,재개발,신길역세권 공공임대주택 건립관련 재개발사업,신길동 39-3,,,,,,,
 서울특별시,재건축,삼익맨숀아파트 재건축사업,명일동 270,,,1169,,,,
 서울특별시,재개발,,한강로3가 40-712,,,,,,,
 서울특별시,재건축,,방배동 758-4,,,,,,,
 서울특별시,재개발,마천1재정비촉진구역 주택재개발정비사업,마천동 194-1,,,2018,,,,
 서울특별시,재건축,양천구 신월4동 주택재건축정비구역,신월동 432-6,,,,,,,
 서울특별시,재건축,태원연립 주택 재건축 정비사업 신축공사,등촌동 651,,,,,,,
 서울특별시,재개발,만리제1주택재개발정비사업조합,만리동2가 10,,,199,,,,
 서울특별시,재건축,뉴장안연립주택재건축,장안동 435-4,,,,,,,
 서울특별시,재개발,휘경2재정비촉진구역,휘경동 128-12,,,726,,,,
 서울특별시,재건축,대농?신안 주택재건축정비사업조합,답십리동 465,,,,,,,
 서울특별시,재건축,성내미주아파트 주택재건축 정비사업,성내동 547-1,,,440,,,,
 서울특별시,재건축,,성내동 405-9,,,,,,,
 서울특별시,재건축,상일동 고덕4단지(아) 주택재건축정비사업,상일동 134,,,660,,,,
 서울특별시,재건축,둔촌동현대연립주？재건축정비사업조합,둔촌동 513-1,,,,,,,
 서울특별시,재건축,천호동 풍전연립 주택재건축 정비사업조합,천호동 28-32,,,,,,,
 서울특별시,재건축,한신18차아파트 주태재건축정비사업구역(한신24차아파트포함),잠원동 52,,,404,,,,
 서울특별시,재건축,월계2(인덕마을) 주택재건축정비구역,월계동 633-31,,,,,,,
 서울특별시,재개발,응암제10주택재개발구역,응암동 419,,,1079,,,,
 서울특별시,재건축,면목1 주택재건축정비구역,면목동 520-19,,,,,,,
 서울특별시,재개발,하왕 제1-5구역주택재개발 정비사업,하왕십리동 999,,,,,,,
 서울특별시,재건축,구의맨션재건축정비사업조합,구의동 227-3,,,,,,,
 서울특별시,재개발,노량진제1주택재개발구역,노량진동 122-37,,,299,,,,
 서울특별시,재건축,신반포5차아파트 주택재건축 정비사업조합,잠원동 64-8,,,,,,,
 서울특별시,재건축,서초한양아파트 주택재건축정비사업,반포동 32-5,,,700,,,,
 서울특별시,재건축,개포주공3단지주택재건축정비사업,개포동 138,,,1235,,,,
 서울특별시,재건축,개포주공2단지 주택재건축정비구역,개포동 140,,,1839,,,,
 서울특별시,재건축,구의1 주택재건축 정비구역,구의동 122-2,,,854,,,,
 서울특별시,재건축,장안동연립단지주택재건축정비사업조합,장안동 291-1,,,446,,,,
 서울특별시,재건축,무궁화연립주택재건축,방화동 191-3,,,,,,,
 서울특별시,재건축,동대문구 장안동 425-1번지 일대 제1종지구단위계획구역(대성연립연합),장안동 425-1,,,,,,,
 서울특별시,재개발,미아10-1 주택재개발정비사업,미아동 476,,,376,,,,
 서울특별시,재건축,개봉동 장미연립 주택재건축정비사업,개봉동 335-16,,,,,,,
 서울특별시,재개발,녹번제1구역제2지구 주택재개발정비사업조합,녹번동 19,,,1047,,,,
 서울특별시,재개발,흑석7재정비촉진구역 주택재개발정비사업조합,흑석동 158,,,911,,,,
 서울특별시,재건축,,내발산동 714-4,,,,,,,
 서울특별시,재건축,삼미/장미연립주택 재건축정비사업,신월동 410-12,,,,,,,
 서울특별시,재건축,삼호가든4차아파트 주택재건축정비사업,반포동 30-18,,,621,,,,
 서울특별시,재건축,웅지오성염창주택재건축정비사업조합,염창동 242-4,,,146,,,,
 서울특별시,재개발,영등포구 도림 제16 주택재개발정비구역,도림동 162-94,,,689,,,,
 서울특별시,재개발,신월.신정뉴타운제1구역4지구주택재개발정비사업조합,신월동 612,,,93000,,,,
 서울특별시,재개발,금호제18주택재개발구역,금호동3가 632,,,403,,,,
 서울특별시,재건축,가락상아(1차)아파트 주택재건축 정비사업,오금동 166,,,329,,,,
 서울특별시,재개발,신정1재정비촉진구역 1-2지구 재정비촉진사업,신월동 603-3,,,357,,,,
 서울특별시,재건축,서초삼호1차아파트 주택재건축,서초동 1310,,,844,,,,
 서울특별시,재건축,동아연립주택재건축정비사업조합,염창동 244-18,,,,,,,
 서울특별시,재건축,염창1주택재건축정비사업조합,염창동 277-24,,,,,,,
 서울특별시,재개발,용산역전면 제2구역 도시환경정비사업조합,한강로3가 391,,,,,,,
 서울특별시,재건축,고덕시영아파트주택재건축정비사업구역,고덕동 670,,,1214,,,,
 서울특별시,재건축,,면목동 134-40,,,,,,,
 서울특별시,재개발,홍은제14구역 주택재개발정비사업조합,홍은동 19-19,,,497,,,,
 서울특별시,재건축,435대명연립 주택재건축정비사업,장안동 435-2,,,,,,,
 서울특별시,재개발,용산역전면 제3구역,한강로2가 342,,,,,,,
 서울특별시,재개발,아현1-3구역 주택재개발정비사업,아현동 85,,,408,,,,
 서울특별시,재건축,봉상연립재건축정비사업추진위원회,신월동 8-1,,,,,,,
 서울특별시,재건축,신반포1차재건축주택조합,반포동 2-1,,,1612,,,,
 서울특별시,재건축,서초우성3차 주택재건축정비구역(아파트지구),서초동 1332-1,,,421,,,,
 서울특별시,재개발,신길14재정비촉진구역 주택재개발정비사업 ,신길동 347-50,,,,,,,
 서울특별시,재건축,,화곡동 812-26,,,,,,,
 서울특별시,재개발,금호제15구역 주택재개발정비사업,금호동1가 280,,,1193,,,,
 서울특별시,재개발,영등포1-3 도시환경정비구역,영등포동7가 29-1,,,,,,,
 서울특별시,재건축,대영연립 주택재건축 정비사업,자양동 224-15,,,,,,,
 서울특별시,재건축,,가산동 1-1,,,,,,,
 서울특별시,재개발,쌍문제1구역재개발정비사업조합,쌍문동 414,,,293,,,,
 서울특별시,재건축,신수1구역 주택재건축정비사업,신수동 93-102,,,914,,,,
 서울특별시,재건축,목원연립주택재건축,목동 803-2,,,,,,,
 서울특별시,재건축,면목3주택재건축구역,면목동 164-,,,1342,,,,
 서울특별시,재개발,회기제1구역주택재개발조합,회기동 62-34,,,,,,,
 서울특별시,재건축,성삼연립 주택재건축정비사업,방학동 636-,,,,,,,
 서울특별시,재개발,답십리18구역주택재개발 정비사업,답십리동 98,,,986,,,,
 서울특별시,재건축,면목5 주택재건축 정비구역,면목동 171-7,,,393,,,,
 서울특별시,재건축,시흥동 금강연립아파트 재건축사업,시흥동 791-40,,,,,,,
 서울특별시,재건축,창전1구역 주택재건축 정비구역,창전동 27-19,,,267,,,,
 서울특별시,재건축,은평구 신사동 19-190번지 일대 주택재건축 정비구역,신사동 19-190,,,,,,,
 서울특별시,재건축,중앙연립 주택재건축정비사업,화양동 35-4,,,,,,,
 서울특별시,재개발,영등포1-4구역 도시환경정비사업,영등포동7가 145-8,,,,,,,
 서울특별시,재건축,무악연립제2주택재건축정비사업조합,무악동 71-1,,,,,,,
 서울특별시,재건축,,가산동 11-22,,,,,,,
 서울특별시,재개발,,가산동 11-22,,,,,,,
 서울특별시,재개발,,가산동 33-33,,,,,,,
 서울특별시,재건축,,가산동 333-444,,,,,,,
 서울특별시,재개발,돈암정릉구역 주택재개발 정비사업,돈암동 535-54,,,61854,,,,
 서울특별시,재개발,보문제3구역주택재개발정비사업조합`,보문동6가 207,,,,,,,
 서울특별시,재개발,동자동제도시환경정비4구역,동자동 36-17,,,,,,,
 서울특별시,재개발,녹번제1구역3지구 주택재개발정비사업,녹번동 4,,,1075,,,,
 서울특별시,재개발,성동구금호제17주택재개발구역정비사업,금호동2가 566,,,,,,,
 서울특별시,재건축,장안시영2단지2ㅏ주택재건축,장안동 329-2,,,859,,,,
 서울특별시,재건축,반포한양아파트 주택재건축 정비사업,잠원동 66,,,607,,,,
 서울특별시,재건축,잠원대림아파트 재건축정비구역,잠원동 57,,,,,,,
 서울특별시,재개발,불광제3구역주택재개발정비사업조합,불광동 17,,,1185,,,,
 서울특별시,재개발,불광제7구역주택재개발정비구역,불광동 292,,,1070,,,,
 서울특별시,재개발,옥수제12구역 주택재개발정비사업 구역,옥수동 500,,,1511,,,,
 서울특별시,재건축,상도대림아파트 주택재건축정비사업,상도동 36-1,,,888,,,,
 서울특별시,재개발,무악제2구역,무악동 46,,,195,,,,
 서울특별시,재개발,봉천제12-2구역 주택재개발구역,봉천동 1553-1,,,1237,,,,
 서울특별시,재건축,한남연립729번지주택재건축정비사업조합,한남동 729,,,,,,,
 서울특별시,재개발,신길11재정비촉진구역주택재개발정비사업조합,신길동 329-94,,,836,,,,
 서울특별시,재개발,신길7재정비촉진구역,신길동 2039,,,1391,,,,
 서울특별시,재건축,월계3 주택재건축정비구역,월계동 531,,,468,,,,
 서울특별시,재건축,목제1주택재건축정비사업,목동 632-1,,,405,,,,
 서울특별시,재건축,,가산동 1,,,,,,,
 서울특별시,재건축,공릉동 240-169번지 일대 주택재건축정비구역,공릉동 240-169,,,438,,,,
 서울특별시,재개발,용두제1구역 주택재개발정비사업조합,용두동 80-1,,,1054,,,,
 서울특별시,재개발,월계제4 주택재개발정비구역,월계동 672,,,270,,,,
 서울특별시,재개발,,가산동 11-22,,,,,,,
 서울특별시,재개발,교육용홈페이지111,가산동 1-,,,21,,,,
 서울특별시,재개발,아현 제3구역 주택재개발정비사업,아현동 635,,,3209,,,,
 서울특별시,재개발,답십리제14주택재개발구역,답십리동 25,,,,,,,
 서울특별시,재개발,전농제7구역주택재개발정비사업조합,전농동 449-9,,,1984,,,,
 서울특별시,재개발,돈암제5구역주택배개발정비사업조합,돈암동 13-7,,,406,,,,
 서울특별시,재개발,석관 제 3구역,석관동 338-540,,,199,,,,
 서울특별시,재개발,정릉길음제9구역,정릉동 10,,,1254,,,,
 서울특별시,재개발,장위제2구역주택재개발정비사업조합,장위동 290-9,,,421,,,,
 서울특별시,재개발,보문제4구역 주택재개발 정비구역,보문동3가 225,,,440,,,,
 서울특별시,재건축,연희 제1주택재건축 정비구역,연희동 711,,,396,,,,
 서울특별시,재개발,전농 제11주택재개발정비구역,전농동 518,,,,,,,
 서울특별시,재개발,북아현 1-2 재정비촉진구역 주택재개발 정비사업,북아현동 174,,,809,,,,
 서울특별시,재개발,북아현1-3재정비촉진구역주택재개발정비사업조합,북아현동 149,,,1584,,,,
 서울특별시,재건축,남가좌동제1구역주택재건축정비사업조합,남가좌동 369-10,,,977,,,,
 서울특별시,재개발,홍제2구역 주택재개발정비사업조합,홍제동 156,,,724,,,,
 서울특별시,재개발,금호제19구역 주택재개발정비구역,금호동2가 900,,,847,,,,
 서울특별시,재개발,왕십리뉴타운 제2구역 주택재개발정비사업조합,상왕십리동 12-37,,,937,,,,
 서울특별시,재개발,금호제13구역주택재개발정비사업조합,금호동2가 200,,,958,,,,
 서울특별시,재개발,왕십리뉴타운제1구역 주택재개발정비사업조합,하왕십리동 339-67,,,1369,,,,
 서울특별시,재개발,자양4재정비촉진구역도시환경정비사업조합,자양동 778-6,,,,,,,
 서울특별시,재개발,응암 제9주택재개발구역,응암동 663,,,748,,,,
 서울특별시,재건축,묵1주택재건축정비사업조합,묵동 81-17,,,622,,,,
 서울특별시,재개발,신정제4구역주택재개발정비사업,신정동 1033-1,,,896,,,,
 서울특별시,재개발,가재울뉴타운3구역주택재개발정비구역,북가좌동 144,,,3293,,,,
 서울특별시,재개발,응암제11구역주택재개발정비구역,응암동 455,,,646,,,,
 서울특별시,재개발,녹번제1구역제1지구,녹번동 53,,,770,,,,
 서울특별시,재건축,삼승아파트 주택재건축,독산동 966-1,,,,,,,
 서울특별시,재건축,이화연립 주택재건축정비사업조합,풍납동 153,,,,,,,
 서울특별시,재건축,덕수연립주택재건축정비사업조합,염창동 283,,,,,,,
 서울특별시,재개발,응암제3주택재개발구역,응암동 171,,,332,,,,
 서울특별시,재개발,답십리제16주택재개발정비구역,답십리동 178,,,2656,,,,
 서울특별시,재건축,송파구 송파동 반도아파트 주택재건축 정비사업,송파동 167,,,750,,,,
 서울특별시,재개발,옥수 제13주택재개발구역,옥수동 526,,,1569,,,,
 서울특별시,재개발,금호제14주택재개발구역,금호동4가 235-,,,586,,,,
 서울특별시,재건축,사당1주택재건축정비사업조합,사당동 167-19,,,668,,,,
 서울특별시,재개발,종암제6 주택재개발정비구역,종암동 95-2,,,393,,,,
 서울특별시,재건축,길음3재정비촉진구역,정릉동 192,,,,,,,
 서울특별시,재건축,우성2차아파트 주택재건축정비구역(서초아파트지구),서초동 1331,,,,,,,
 서울특별시,재개발,효창제4구역주택재개발정비사업,효창동 117-1,,,187,,,,
 서울특별시,재개발,정릉제10구역주택재개발정비사업,정릉동 539-1,,,289,,,,
 서울특별시,재개발,흑석8재정비촉진구역 주택재개발정비사업조합,흑석동 232,,,434,,,,
 서울특별시,재건축,길동진흥아파트주택재건축정비구역,길동 298-1,,,,,,,
 서울특별시,재개발,금호제20구역 주택재개발정비사업조합,금호동4가 56-1,,,606,,,,
 서울특별시,재개발,효창5구역 주택재개발정비사업 조합,효창동 13-2,,,396,,,,
 서울특별시,재건축,개나리6차(아) 주택재건축정비사업조합,역삼동 711-1,,,408,,,,
 서울특별시,재개발,석관제2구역 주택재개발정비구역,석관동 58-56,,,904,,,,
 서울특별시,재개발,홍은제12주택재개발정비구역,홍은동 441-1,,,458,,,,
 서울특별시,재개발,가재울뉴타운4구역주택재개발정비사업,남가좌동 124-1,,,3336,,,,
 서울특별시,재건축,방배3구역 주택재건축정비사업구역,방배동 992-1,,,255,,,,
 서울특별시,재개발,길음제8구역,길음동 612-10,,,,,,,
 서울특별시,재개발,대흥2구역주택재개발정비사업,대흥동 12,,,1032,,,,
 서울특별시,재개발,신길5재정비촉진구역,신길동 1583-1,,,1260,,,,
 서울특별시,재개발,신당제11구역주택재개발정비사업조합,신당동 85,,,,,,,
 서울특별시,재개발,만리제2주택재개발정비구역,만리동2가 176-1,,,1113,,,,
 서울특별시,재개발,거여2-2지구,거여동 234,,,972,,,,
 서울특별시,재건축,면목6구역주택재건축정비사업조합,면목동 1405,,,,,,,
 서울특별시,재건축,고덕2단지아파트 주택재건축정비구역,고덕동 212,,,4792,,,,
 서울특별시,재건축,가락시영아파트 주택재건축 정비구역,가락동 479,,,8106000,,,,
 서울특별시,재개발,상계4재정비촉진구역 재개발사업,상계동 85-33,,,658,,,,
 서울특별시,재개발,불광제4주택재개발구역,불광동 550,,,488,,,,
 서울특별시,재건축,,남현동 1079-13,,,,,,,
 서울특별시,재건축,,봉천동 1598-10,,,,,,,
 서울특별시,재건축,상계8단지재건축정비사업 조합설립추진위원회,상계동 677,,,1018,,,,
 서울특별시,재건축,신반포6차아파트 주택재건축정비구역(아파트지구),잠원동 74-2,,,,,,,
 서울특별시,재개발,아현제4구역주택재개발정비사업조합,아현동 380,,,949,,,,
 서울특별시,재개발,응암제2구역 주택재개발정비사업,응암동 36,,,2179,,,,
 서울특별시,재건축,제기1주택재건축정비사업,제기동 892-68,,,,,,,
 서울특별시,재개발,가재울뉴타운5구역주택재개발정비사업조합,남가좌동 175,,,827,,,,
 서울특별시,재개발,길음2재정비촉진구역,길음동 498,,,1660,,,,
 서울특별시,재건축,풍납우성아파트주택재건축정비사업,풍납동 388-7,,,602,,,,
 서울특별시,재건축,응암3구역 주택재건축 정비사업,응암동 626-108,,,574,,,,
 서울특별시,재개발,수색4재정비촉진구역,수색동 330-1,,,989,,,,
 서울특별시,재개발,봉천 제12-1구역 주택재개발 정비사업조합,봉천동 1544-1,,,430,,,,
 서울특별시,재개발,국제빌딩주변 제4구역 도시환경정비사업조합,한강로3가 63-70,,,,,,,
 서울특별시,재개발,장위5구역주택재개발정비사업조합,장위동 173-114,,,1286,,,,
 서울특별시,재건축,서강주택재건축정비사업,하중동 18-2,,,,,,,
 서울특별시,재개발,신월신정뉴타운제1구역1지구 주택재개발정비사업조합,신월동 551-10,,,2417,,,,
 서울특별시,재건축,망원1 주택재건축정비사업,망원동 458-16,,,375,,,,
 서울특별시,재건축,삼익그린맨션아파트 주택재건축정비사업조합,명일동 309-1,,,1900,,,,
 서울특별시,재개발,돈의문1구역도시환경정비사업조합,교남동 62-1,,,2048,,,,
 서울특별시,재개발,북아현1-1재정비촉진구역 주택재개발사업,북아현동 1-954,,,992,,,,
 서울특별시,재개발,가재울뉴타운6구역주택재개발사업,남가좌동 224,,,763,,,,
 서울특별시,재건축,서초우성1차아파트 주택재건축정비구역(서초아파트지구 3주구),서초동 1336,,,1111,,,,
 서울특별시,재건축,상명삼락주택재건축정비사업,망원동 472-1,,,,,,,
 서울특별시,재건축,망원동438주택재건축정비사업조합,망원동 438-46,,,,,,,
 서울특별시,재건축,긴등마을 주택재건축 아파트 신축공사,공항동 4-8,,,603,,,,
 서울특별시,재개발,용두제6구역 주택재개발정비사업조합,용두동 753-9,,,869,,,,
 서울특별시,재건축,고덕주공5단지아파트 주택재건축 정비구역,상일동 131,,,1478,,,,
 서울특별시,재건축,고덕주공6단지 주택재건축 정비구역,상일동 124,,,1649,,,,
 서울특별시,재건축,고덕3단지아파트주택재건축정비사업,상일동 121,,,4066,,,,
 서울특별시,재건축,상일동 고덕7단지(아) 주택재건축정비사업,상일동 187,,,1762,,,,
 서울특별시,재개발,보문제2구역 주택재개발정비사업 ,보문동1가 60-28,,,,,,,
 서울특별시,재건축,홍은제1주택재건축정비사업,홍은동 104-4,,,480,,,,
 서울특별시,재개발,거여2재정재정비촉진구역1지구 주택재개발 정비사업조합,거여동 181,,,1577,,,,
 서울특별시,재개발,신정2재정비촉진구역1지구 주택재개발정비사업조합,신정동 1175-28,,,1285,,,,
 서울특별시,재건축,상아2차아파트 재건축정비구역,삼성동 19-4,,,679,,,,
 서울특별시,재개발,신정2-2지구 재정비촉진구역,신정동 1150-41,,,,,,,
 서울특별시,재건축,삼호가든맨션3차아파트 주택재건축정비사업구역,반포동 32-8,,,633,,,,
 서울특별시,재건축,사당2주택재건축정비사업조합,사당동 181-360,,,959,,,,
 서울특별시,재건축,개포시영(아)주택재건축정비사업,개포동 656,,,2176,,,,
 서울특별시,재건축,홍은동제2주택재건축정비사업조합,홍은동 338-5,,,,,,,
 서울특별시,재건축,응암동 225-1 주택재건축정비구역,응암동 225-1,,,,,,,
 서울특별시,재개발,휘경1재정비촉진구역 주택재개발정비사업조합,휘경동 243,,,248,,,,
 서울특별시,재건축,길동신동아3차아파트 주택재건축정비구역,길동 43,,,,,,,
 서울특별시,재건축,반포현대아파트주택재건축정비사업,반포동 30-15,,,92,,,,
 서울특별시,재개발,효창제6구역,효창동 3-250,,,,,,,
 서울특별시,재건축,개나리4차아파트주택재건축,역삼동 712-,,,499,,,,
 서울특별시,재개발,신길12재정비촉진구역 주택재개발정비사업조합,신길동 337-246,,,824,,,,
 서울특별시,재개발,신길8 재정비촉진구역 주택재개발정비사업,신길동 3163,,,522,,,,
 서울특별시,재건축,서초무지개아파트 재건축정비사업,서초동 1335,,,1481,,,,
 서울특별시,재개발,장위7구역주택재개발정비사업,장위동 189-3,,,1433,,,,
 서울특별시,재개발,신길9재정비촉진구역 주택재개발정비사업조합,신길동 240-16,,,915,,,,
 서울특별시,재건축,홍은제6주택재건축정비사업구역,홍은동 13-25,,,,,,,
 서울특별시,재건축,방배경남아파트 주택재건축,방배동 1028-1,,,713,,,,
 서울특별시,재개발,수색9재정비촉진구역주택재개발정비사업조합,수색동 30-2,,,642,,,,
 서울특별시,재건축,연희빌라주택재건축정비사업,구산동 307-1,,,,,,,
 서울특별시,재건축,미아동3-111번지일대 주택재건축정비구역,미아동 3-111,,,,,,,
 서울특별시,재건축,신반포14차 주택재건축정비사업 조합설립 추진위원회,잠원동 74-,,,252,,,,
 서울특별시,재건축,홍제동 제1주택재건축정비사업,홍제동 57-5,,,764,,,,
 서울특별시,재개발,마포로6 도시환경정비구역,공덕동 385,,,329,,,,
 서울특별시,재개발,염리제3 주택재개발정비사업,염리동 507,,,1386,,,,
 서울특별시,재개발,홍제제3주택재개발정비사업,홍제동 270,,,930,,,,
 서울특별시,재개발,상계6재정비촉진구역,상계동 95-3,,,803,,,,
 서울특별시,재건축,면목4주택재건축정비사업,면목동 55-14,,,,,,,
 서울특별시,재건축,신반포15차아파트 주택재건축정비사업,반포동 12,,,641,,,,
 서울특별시,재개발,염리제2주택재개발구역,염리동 45,,,767,,,,
 서울특별시,재건축,신월4구역 주택재건축 정비사업,신월동 489-3,,,,,,,
 서울특별시,재개발,증산2재정비촉진구역 주택재개발정비사업조합,증산동 213-20,,,,,,,
 서울특별시,재건축,화곡1 주택재건축정비사업,화곡동 1027-50,,,,,,,
 서울특별시,재건축,대림3주택재건축정비사업조합,대림동 917-49,,,,,,,
 서울특별시,재개발,흑석3재정비 촉진구역,흑석동 253-89,,,1130,,,,
 서울특별시,재개발,응암제1구역 주택재개발정비사업구역,응암동 8,,,745,,,,
 서울특별시,재건축,일원대우아파트주택재건축정비사업조합,일원동 690-1,,,173,,,,
 서울특별시,재건축,프린스연립 주택재건축 정비사업,쌍문동 503-29,,,,,,,
 서울특별시,재건축,대치3동 제1지구 재건축정비사업조합,대치동 963,,,430,,,,
 서울특별시,재건축,사당3주택재건축정비사업구역,사당동 41-17,,,522,,,,
 서울특별시,재건축,상아?현대아파트 주택재건축정비사업,당산동5가 4-13,,,802,,,,
 서울특별시,재개발,길음역세권재정비촉진구역 주택재개발정비사업조합,길음동 542-1,,,276,,,,
 서울특별시,재개발,길음1재정비촉진구역,길음동 508-16,,,1678,,,,
 서울특별시,재개발,신길3재정비촉진구역주택재개발정비사업,신길동 145-40,,,644,,,,
 서울특별시,재개발,장위1구역 주택재개발정비사업,장위동 144-24,,,777,,,,
 서울특별시,재개발,용두5구역 재개발정비구역,용두동 253,,,827,,,,
 서울특별시,재건축,아현2구역주택재건축정비사업조합,아현동 662,,,1267,,,,
 서울특별시,재건축,모진연립 주택재건축정비사업,화양동 499-18,,,,,,,
 서울특별시,재건축,태릉현대아파트 주택재건축정비구역,공릉동 230,,,,,,,
 서울특별시,재건축,반포우성아파트 재건축정비사업,잠원동 74-1,,,514,,,,
 서울특별시,재건축,동작1주택재건축 정비구역,동작동 102-,,,,,,,
 서울특별시,재건축,대치제2지구주택재건축정비사업조합,대치동 977-,,,243,,,,
 서울특별시,재건축,자양1구역 주택재건축정비사업,자양동 236,,,841,,,,
 서울특별시,재개발,봉천 제4-1-2구역 주택재개발정비사업조합,봉천동 101,,,,,,,
 서울특별시,재개발,홍은제13구역 주택재개발정비사업조합,홍은동 11-111,,,,,,,
 서울특별시,재개발,수색13재정비촉진구역(주택재개발사업),수색동 341-6,,,1402,,,,
 서울특별시,재개발,대조제1구역 주택재개발정비사업조합,대조동 88,,,1947,,,,
 서울특별시,재건축,신반포3차 경남아파트 주택재건축 정비사업,반포동 1-1,,,2706,,,,
 서울특별시,재건축,역촌1구역 주택재건축정비사업조합,역촌동 189-,,,622,,,,
 서울특별시,재건축,개포1동 주공아파트 주택재건축 정비사업조합,개포동 660-4,,,,,,,
 서울특별시,재건축,천호2구역 주택재건축정비사업,천호동 437-5,,,162,,,,
 서울특별시,재개발,수색6재정비촉진구역주택재개발정비사업조합,수색동 115-5,,,,,,,
 서울특별시,재개발,수색7재정비촉진구역 주택재개발정비사업조합,수색동 189,,,,,,,
 서울특별시,재개발,마포로3구역 제3지구 도시환경정비구역,아현동 613-10,,,,,,,
 서울특별시,재건축,개봉제5 주택재건축 정비사업 조합,개봉동 68-64,,,276,,,,
 서울특별시,재개발,이문1재정비촉진구역,이문동 257-42,,,2393,,,,
 서울특별시,재개발,휘경3재정비촉진구역 주택재개발정비사업조합,휘경동 172,,,1785,,,,
 서울특별시,재개발,보문제5구역 주택재개발정비사업,보문동1가 196-11,,,,,,,
 서울특별시,재개발,삼선제5주택재개발정비사업,삼선동1가 296,,,,,,,
 서울특별시,재개발,중화1재정비촉진구역,중화동 331-64,,,835,,,,
 서울특별시,재개발,천호1구역 도시환경정비사업,천호동 423-200,,,,,,,
 서울특별시,재개발,가재울8재정비촉진구역 재개발정비사업,남가좌동 289-54,,,,,,,
 서울특별시,재개발,동선2구역주택재개발정비사업,동선동4가 304-2,,,,,,,
 서울특별시,재개발,영천 주택재개발 정비사업,영천동 69-20,,,,,,,
 서울특별시,재건축,등마루아파트재건축정비사업조합,염창동 275-5,,,,,,,
 서울특별시,재개발,금호제14-1구역 주택재개발정비사업조합,금호동4가 480,,,,,,,
 서울특별시,재건축,강남아파트주택재건축정비구역,신림동 1644-,,,,,,,
 서울특별시,재개발,신림3재정비촉진구역,신림동 316-55,,,,,,,
 서울특별시,재건축,방배5구역 주택재건축 정비사업,방배동 946-8,,,2387,,,,
 서울특별시,재건축,홍실아파트 주택재건축,삼성동 79,,,,,,,
 서울특별시,재건축,청담삼익아파트주택재건축정비사업구역,청담동 134-18,,,1090,,,,
 서울특별시,재건축,등촌1주택재건축정비구역,등촌동 366-24,,,,,,,
 서울특별시,재건축,세림연립재건축정비사업,등촌동 656-35,,,,,,,
 서울특별시,재건축,잠실미성크로바아파트주택재건축정비사업조합,신천동 17-6,,,1718,,,,
 서울특별시,재건축,잠실진주APT 재건축정비사업,신천동 20-4,,,2390,,,,
 서울특별시,재개발,행당제7구역주택재개발사업,행당동 128,,,805,,,,
 서울특별시,재개발,양평제12구영도시환경정비사업조합,양평동1가 243-1,,,,,,,
 서울특별시,재건축,둔촌주공아파트 주택재건축사업 정비구역,둔촌동 172,,,10060,,,,
 서울특별시,재개발,연희제1구역 주택재개발정비사업,연희동 533,,,1002,,,,
 서울특별시,재건축,원일빌라주택재건축정비사업조합,방화동 278-7,,,,,,,
 서울특별시,재개발,용답동 주택재개발정비사업조합,용답동 108-1,,,,,,,
 서울특별시,재건축,신반포22차(아)주택재건축정비사업,잠원동 65-33,,,,,,,
 서울특별시,재개발,안암제2구역주택재개발정비사업조합,안암동3가 132-17,,,181,,,,
 서울특별시,재개발,장위10구역주택재개발정비사업,장위동 68-37,,,1506,,,,
 서울특별시,재개발,미아 제3구역 주택재개발,미아동 791-364,,,843,,,,
 서울특별시,재건축,공덕1구역 주택재건축,공덕동 105-84,,,1015,,,,
 서울특별시,재개발,이문3(3-1)재정비촉진구역,이문동 149-8,,,4140,,,,
 서울특별시,재건축,길동신동아12차아파트주택재건축정비사업,길동 160,,,,,,,
 서울특별시,재개발,장위4구역 주택재개발정비사업조합,장위동 289,,,2356,,,,
 서울특별시,재개발,장위제6구역주택재개발정비사업조합설립추진위원회,장위동 25-55,,,1352,,,,
 서울특별시,재건축,방배 14구역주택재건축 정비구역,방배동 975-35,,,435,,,,
 서울특별시,재건축,방배6구역주택재건축정비사업조합,방배동 818-14,,,1111,,,,
 서울특별시,재건축,개포택지 개발지구 주공4단지 정비구역,개포동 189,,,3055,,,,
 서울특별시,재건축,길훈아파트 주택재건축정비사업,개봉동 312-38,,,,,,,
 서울특별시,재건축,문정동 136일대 재건축 정비구역,문정동 136-,,,,,,,
 서울특별시,재건축,서초 신동아아파트 주택재건축정비사업,서초동 1334-,,,1356,,,,
 서울특별시,재건축,방배13구역 주택재건축정비사업,방배동 541-2,,,2357,,,,
 서울특별시,재건축,둔촌동 삼익빌라 주택재건축정비사업,둔촌동 85-2,,,195,,,,
 서울특별시,재개발,천호4촉진구역,천호동 410-100,,,,,,,
 서울특별시,재건축,반포주공1단지(124주구) 주택재건축정비사업,반포동 812-,,,5124,,,,
 서울특별시,재건축,[천호재정비촉진지구]천호3 주택재건축정비사업,천호동 423-76,,,490,,,,
 서울특별시,재건축,대치동 구마을 제3지구,대치동 964-,,,234,,,,
 서울특별시,재건축,신반포4지구 재건축정비사업조합,잠원동 60-3,,,3479,,,,
 서울특별시,재개발,흑석9재정비촉진구역,흑석동 90,,,1255,,,,
 서울특별시,재개발,국제빌딩주변 제5구역 도시정비형 재개발사업,한강로2가 210-1,,,,,,,
 서울특별시,재건축,금천구 임시 홈페이지(클린업사무실 개발용),가산동 11-44,,,,,,,
 서울특별시,재건축,신반포13차아파트 주택재건축정비사업,잠원동 52-2,,,,,,,
 서울특별시,재개발,신영제1구역 주택재개발정비사업,신영동 158-2,,,199,,,,
 서울특별시,재개발,신당제8구역주택재개발 정비사업,신당동 321-1,,,1032,,,,
 서울특별시,재개발,성북3구역주택재개발정비사업조합,성북동 3-38,,,679,,,,
 서울특별시,재개발,한남 제3재정비촉진구역,한남동 686,,,4778,,,,
 서울특별시,재건축,,성내동 209,,,,,,,
 서울특별시,재개발,청량리 제7구역 주택재개발 정비사업,청량리동 199,,,650,,,,
 서울특별시,재개발,북아현3 재정비촉진구역 주택재개발 정비사업조합,북아현동 3-66,,,3015,,,,
 서울특별시,재개발,북아현2재정비촉진구역,북아현동 520,,,1422,,,,
 서울특별시,재개발,금호제16주택재개발정비구역,금호동2가 501-31,,,,,,,
 서울특별시,재건축,홍제3구역주택재건축정비사업,홍제동 104-41,,,554,,,,
 서울특별시,재개발,양평제13구역 도시환경정비사업,양평동2가 33-20,,,30300,,,,
 서울특별시,재건축,반포아파트(제3주구) 주택재건축정비사업,반포동 1053,,,2117,,,,
 서울특별시,재건축,신사1구역 주택재건축정비사업조합,신사동 170-12,,,,,,,
 서울특별시,재건축,대흥.성원.동진빌라주택재건축정비사업,온수동 45-32,,,,,,,
 서울특별시,재개발,증산5 재정비 촉진구역 주택 재개발 정비 사업,증산동 157-34,,,1412,,,,
 서울특별시,재개발,수색 8구역 주택재개발 정비사업조합,수색동 16-2,,,,,,,
 서울특별시,재건축,월계동 재건축정비구역,월계동 487-17,,,,,,,
 서울특별시,재개발,노량진촉진4구역,노량진동 227-5,,,,,,,
 서울특별시,재개발,갈현 제1주택재개발 정비사업,갈현동 300,,,3484,,,,
 서울특별시,재개발,신정재정비촉진지구 제1구역 3지구 주택재개발 정비사업,신월동 606,,,,,,,
 서울특별시,재개발,노량진7재정비촉진구역,대방동 13-31,,,420,,,,
 서울특별시,재건축,신반포21차아파트 주택재건축정비사업,잠원동 59-10,,,232,,,,
 서울특별시,재건축,방배삼익아파트주택재건축,방배동 1018-1,,,724,,,,
 서울특별시,재개발,노량진8 주택재개발정비사업조합,대방동 44-1,,,735,,,,
 서울특별시,재개발,신림2재정비촉진구역 주택재개발정비사업조합 ,신림동 324-25,,,1274,,,,
 서울특별시,재개발,영등포1의13구역 도시환경정비사업,영등포동5가 32-8,,,,,,,
 서울특별시,재개발,고척제4구역주택재개발조합,고척동 148,,,786,,,,
 서울특별시,재건축,한강삼익아파트 주택재건축정비사업,이촌동 300-301,,,,,,,
 서울특별시,재개발,제기제4구역 주택재개발정비사업,제기동 288,,,,,,,
 서울특별시,재건축,신반포18차 337동 주택재건축정비사업,잠원동 49-17,,,182,,,,
 서울특별시,재건축,서초중앙하이츠1구역 주택재건축정비사업,방배동 1000-4,,,,,,,
 서울특별시,재개발,상봉7재정비촉진구역,상봉동 88,,,423,,,,
 서울특별시,재건축,방화6재정비촉진구역,방화동 608-97,,,527,,,,
 서울특별시,재개발,신월곡 제1구역 도시환경정비사업,하월곡동 88-142,,,1996,,,,
 서울특별시,재개발,사직2구역 도시환경정비사업구역,사직동 238-1,,,403,,,,
 서울특별시,재건축,신안빌라 주택재건축정비사업,마곡동 327-53,,,374,,,,
 서울특별시,재건축,한남하이츠아파트 재건축 추진위원회,옥수동 220-1,,,787,,,,
 서울특별시,재개발,신용산역북측 제2도시환경정비사업,한강로2가 2-138,,,,,,,
 서울특별시,재건축,성오빌라주택재건축정비사업,정릉동 506-159,,,49,,,,
 서울특별시,재건축,서초중앙하이츠2구역 주택재건축정비사업,방배동 1000-3,,,,,,,
 서울특별시,재건축,도곡삼호아파트 주택재건축정비사업,도곡동 540,,,260,,,,
 서울특별시,재개발,도봉제2주택재개발구역,도봉동 95,,,,,,,
 서울특별시,재개발,노량진6재정비촉진구역,노량진동 294-220,,,1040,,,,
 서울특별시,재개발,노량진2재정비촉진구역,노량진동 312-75,,,,,,,
 서울특별시,재건축,대치쌍용1차아파트 주택재건축사업,대치동 66-,,,950,,,,
 서울특별시,재건축,쌍용아파트2차 주택재건축정비사업,대치동 65-,,,539,,,,
 서울특별시,재건축,개포시영아파트중심상가재건축정비사업,개포동 656-3,,,,,,,
 서울특별시,재건축,성화단지 단독주택 재건축 정비구역,개봉동 454-14,,,1705,,,,
 서울특별시,재개발,영등포1의2재정비촉진구역 도시환경정비사업,영등포동7가 76-5,,,,,,,
 서울특별시,재건축,유원제일1차아파트 주택재건축정비사업조합,당산동4가 91,,,,,,,
 서울특별시,재건축,남성아파트,문래동2가 35,,,,,,,
 서울특별시,재건축,왕궁아파트주택재건축정비사업조합,이촌동 300-11,,,,,,,
 서울특별시,재개발,청량리제6주택재개발정비구역,청량리동 205,,,1245,,,,
 서울특별시,재건축,당산현대2차아파트 소규모재건축정비사업조합,당산동4가 92,,,,,,,
 서울특별시,재개발,,구로동 715-24,,,,,,,
 서울특별시,재개발,,번동 430-27,,,,,,,
 서울특별시,재개발,,번동 427-35,,,,,,,
 서울특별시,재개발,전농 재정비촉진구역,전농동 494,,,661,,,,
 서울특별시,재건축,여의도시범아파트주택재건축정비사업(신탁방식-한국자산신탁),여의도동 50,,,1996,,,,
 서울특별시,재건축,수정아파트 재건축정비사업,신정동 733-31,,,,,,,
 서울특별시,재개발,신림1재정비촉진구역 주택재개발정비사업,신림동 808-,,,2465,,,,
 서울특별시,재건축,안암1구역 주택재건축정비사업,안암동3가 136-1,,,,,,,
 서울특별시,재개발,장위14구역 주택재개발정비사업조합,장위동 233-552,,,2294,,,,
 서울특별시,재개발,한남 제5재정비촉진구역,동빙고동 60,,,1956,,,,
 서울특별시,재건축,대성연립주택재건축정비사업조합,논현동 191-4,,,,,,,
 서울특별시,재건축,삼호가든5차아파트 주택재건축정비사업조합,반포동 30-1,,,254,,,,
 서울특별시,재건축,신반포27차아파트 주택재건축정비사업,잠원동 56-2,,,,,,,
 서울특별시,재개발,장위3구역주택재개발정비사업조합,장위동 350,,,473,,,,
 서울특별시,재개발,청량리제8구역 주택재개발정비사업조합,청량리동 435,,,576,,,,
 서울특별시,재건축,강변강서아파트 주택재건축 정비사업조합,이촌동 193-3,,,,,,,
 서울특별시,재건축,미아4-1구역주택재건축정비사업,미아동 8-373,,,740,,,,
 서울특별시,재개발,상계1재정비촉진구역,상계동 -,,,1030,,,,
 서울특별시,재개발,상계5재정비촉진구역,상계동 109-43,,,1250,,,,
 서울특별시,재건축,북가좌제6구역 주택재건축정비구업,북가좌동 372-1,,,1741,,,,
 서울특별시,재건축,삼익파크아파트 재건축사업,길동 54,,,1488,,,,
 서울특별시,재건축,가락현대5차아파트 소규모재건축정비사업구역,가락동 161-3,,,174,,,,
 서울특별시,재건축,신길10 재정비촉진구역,신길동 3590,,,,,,,
 서울특별시,재건축,성수1구역 주택재건축 정비사업구역,성수동1가 656-1267,,,,,,,
 서울특별시,재건축,시흥동 현대아파트 재건축정비사업,시흥동 220-2,,,,,,,
 서울특별시,재건축,번동 429-114 일원 가로주택정비사업조합,번동 429-114,,,,,,,
 서울특별시,재건축,뉴서울아파트 개나리열망연립 재건축정비사업,신림동 739,,,297,,,,
 서울특별시,재건축,방배신동아아파트 재건축정비사업,방배동 988-1,,,935,,,,
 서울특별시,재건축,천호우성아파트 주택재건축정비사업,천호동 19-1,,,,,,,
 서울특별시,재개발,마포로1구역 제10지구 도시정비형 재개발사업 ,도화동 536,,,,,,,
 서울특별시,재개발,,번동 428-4,,,,,,,
 서울특별시,재건축,도곡개포한신아파트 주택재건축 정비사업 조합설립 추진위원회,도곡동 464,,,713,,,,
 서울특별시,재개발,미아2재정비촉진구역,미아동 403,,,2366,,,,
 서울특별시,재개발,상계2재정비촉진구역 주택재개발 정비사업,상계동 -,,,,,,,
 서울특별시,재건축,잠실주공5단지주택재건축정비사업,잠실동 27,,,6033,,,,
 서울특별시,재건축,망우1구역 주택재건축정비사업조합,망우동 178-1,,,394,,,,
 서울특별시,재건축,미아9-2주택재건축정비구역,미아동 137-72,,,1537,,,,
 서울특별시,재건축,신반포16차아파트주택재건축정비사업,잠원동 55-10,,,,,,,
 서울특별시,재개발,성수전략정비구역 제4지구,성수동2가 219-4,,,1310,,,,
 서울특별시,재개발,노량진 제3재정비촉진구역,노량진동 232-19,,,838,,,,
 서울특별시,재개발,성수전략정비구역 제2지구 주택재개발정비구역,성수동2가 506,,,1582,,,,
 서울특별시,재건축,서초진흥아파트 주택재건축정비구역(아파트지구),서초동 1315,,,754,,,,
 서울특별시,재개발,불광5주택재개발정비구역,불광동 238,,,2015,,,,
 서울특별시,재건축,신반포2차아파트 주택재건축정비구역(아파트지구),잠원동 73,,,,,,,
 서울특별시,재개발,성북제2구역주택재개발정비사업,성북동 226-,,,,,,,
 서울특별시,재개발,성수전략정비구역 제3지구,성수동2가 572-7,,,1537,,,,
 서울특별시,재건축,신림동 미성아파트 주택재건축 정비구역,신림동 1656-,,,353,,,,
 서울특별시,재개발,성수전략정비구역 제1지구,성수동1가 72-10,,,2414,,,,
 서울특별시,재건축,구로동 440번지일대(보광아파트) 주택재건축정비구역,구로동 440,,,,,,,
 서울특별시,재개발,신길제2구역,신길동 190,,,,,,,
 서울특별시,재개발,미아균형발전촉진지구 강북2구역 도시환경정비구역,미아동 42-8,,,333,,,,
 서울특별시,재건축,불광1주택재건축정비사업,불광동 19-3,,,,,,,
 서울특별시,재개발,종로6가 도시환경정비구역,종로6가 117,,,,,,,
 서울특별시,재건축,,논현동 62-3,,,,,,,
 서울특별시,재개발,한강로도시환경정비사업,한강로1가 158-,,,476,,,,
 서울특별시,재건축,길동한전우성아파트 소규모주택정비사업,길동 332,,,,,,,
 서울특별시,재개발,신당제9 주택재개발정비구역,신당동 432-1008,,,,,,,
 서울특별시,재개발,돈암제6 주택재개발정비구역,돈암동 48-29,,,737,,,,
 서울특별시,재개발,한남4재정비촉진구역주택재개발정비사업조합설립추진위원회,보광동 360,,,1630,,,,
 서울특별시,재개발,제기제6주택재개발 정비구역,제기동 120-104,,,312,,,,
 서울특별시,재개발,이문4재정비촉진구역,이문동 86-1,,,2783,,,,
 서울특별시,재건축,압구정한양7차 주택재건축정비사업,압구정동 528,,,,,,,
 서울특별시,재개발,노량진1재정비촉진구역,노량진동 278-2,,,2283,,,,
 서울특별시,재건축,봉천1-1구역주택재건축정비사업,봉천동 728-57,,,661,,,,
 서울특별시,재건축,가락미륭아파트 재건축정비사업,가락동 138,,,,,,,
 서울특별시,재개발,봉천 제14구역 주택재개발정비사업조합설립추진위원회,봉천동 1,,,1115,,,,
 서울특별시,재개발,관악구 봉천동 4-1-3구역 주택재개발 정비사업,봉천동 480,,,841,,,,
 서울특별시,재개발,용두1도시환경정비사업 제2지구,용두동 23-8,,,,,,,
 서울특별시,재건축,길훈아파트 소규모재건축정비사업,오류동 150-42,,,,,,,
 서울특별시,재건축,한양철우아파트 주택재건축정비사업조합,한강로3가 65-500,,,,,,,
 서울특별시,재건축,경남1차주택재건축정비사업,내발산동 716-20,,,87,,,,
 서울특별시,재건축,응봉1주택재건축정비사업,응봉동 193-162,,,501,,,,
 서울특별시,재건축,한강맨션아파트주택재건축정비사업조합설립추진위원회,이촌동 300-23,,,1291,,,,
 서울특별시,재개발,미아3재정비촉진구역 주택재개발정비사업조합,미아동 439-,,,866,,,,
 서울특별시,재개발,길음5재정비촉진구역,정릉동 175,,,571,,,,
 서울특별시,재건축,신길삼성아파트 주택재건축정비사업,신길동 4759,,,,,,,
 서울특별시,재건축,미아4재정비촉진구역,미아동 1261-376,,,387,,,,
 서울특별시,재건축,월계동 동신아파트 주택재건축정비구역,월계동 436,,,956,,,,
 서울특별시,재개발,마천3구역 존치정비구역,마천동 283-,,,1887,,,,
 서울특별시,재건축,방배신삼호아파트,방배동 725,,,718,,,,
 서울특별시,재건축,역삼동(758 은하수 760) 주택재건축정비사업,역삼동 758-,,,233,,,,
 서울특별시,재개발,장안평 중고차매매센터 재개발정비구역,용답동 234,,,,,,,
 서울특별시,재건축,송파한양2차아파트 주택재건축정비사업조합설립추진위원회,송파동 151-,,,,,,,
 서울특별시,재건축,산호아파트 주택재건축정비사업조합,원효로4가 118-16,,,604,,,,
 서울특별시,재건축,홍은5주택재건축정비구역,홍은동 277-45,,,540,,,,
 서울특별시,재건축,가락극동아파트 재건축사업,가락동 192,,,916,,,,
 서울특별시,재건축,장미아파트주택재건축정비사업,성수동1가 656-421,,,263,,,,
 서울특별시,재개발,한남 제2재정비촉진구역,보광동 272-3,,,1299,,,,
 서울특별시,재개발,정릉3동 주택재개발 ,정릉동 757,,,,,,,
 서울특별시,재건축,장미123차아파트 주택재건축정비사업,신천동 7-,,,3913,,,,
 서울특별시,재건축,대치우성1차아파트 주택재건축정비사업,대치동 63,,,662,,,,
 서울특별시,재건축,신반포19차아파트주택재건축정비사업,잠원동 61-2,,,,,,,
 서울특별시,재건축,오류동 현대연립 주택재건축 정비사업,오류동 156-15,,,388,,,,
 서울특별시,재건축,방화5재정비촉진구역 주택재건축 정비사업,공항동 18,,,1500,,,,
 서울특별시,재개발,영등포1-11 도시환경정비구역,영등포동5가 30,,,,,,,
 서울특별시,재개발,동소문제2구역 주택재개발정비사업,동소문동2가  33,,,421,,,,
 서울특별시,재개발,영등포1-12 재정비촉진구역,영등포동5가 22-3,,,,,,,
 서울특별시,재개발,공덕 제6주택재개발정비구역,공덕동 119,,,,,,,
 서울특별시,재건축,방배7구역 주택재건축정비사업,방배동 891-3,,,260,,,,
 서울특별시,재개발,수색1재정비촉진구역 도시환경정비사업조합,수색동 366-6,,,,,,,
 서울특별시,재건축,신반포20차아파트 주택재건축정비사업,잠원동 60-78,,,195,,,,
 서울특별시,재건축,잠실우성4차아파트,잠실동 320,,,794,,,,
 서울특별시,재건축,압구정아파트지구 특별계획구역5  재건축정비사업,압구정동 490,,,,,,,
 서울특별시,재건축,신정4재정비촉진구역 주택재건축정비사업,신정동 1200-1,,,1826,,,,
 서울특별시,재건축,개포주공5단지아파트 주택재건축정비사업,개포동 187,,,1146,,,,
 서울특별시,재개발,신길음1구역 재개발정비사업,길음동 31-1,,,,,,,
 서울특별시,재개발,홍제제2구역 도시환경정비사업 조합설립추진위원회,홍제동 323-11,,,,,,,
 서울특별시,재개발,노량진5 재정비촉진구역 주택재개발정비사업조합,노량진동 270-3,,,515,,,,
 서울특별시,재건축,79. 진주아파트 주택재건축정비사업,문래동5가 22-,,,284,,,,
 서울특별시,재건축,가락1차현대아파트 주택재건축사업,문정동 3,,,756,,,,
 서울특별시,재건축,신성빌라 주택재건축정비사업 조합설립 추진위원회,방배동 593-98,,,,,,,
 서울특별시,재건축,시흥동 무지개아파트 일대 재건축 정비사업,시흥동 109,,,,,,,
 서울특별시,재건축,일원개포한신아파트 재건축사업,일원동 615-1,,,432,,,,
 서울특별시,재건축,동양연립(궁동) 주택재건축정비사업,궁동 171-1,,,,,,,
 서울특별시,재개발,신용산역북측 제1구역 도시환경저비사업,한강로2가 2-116,,,218,,,,
 서울특별시,재건축,유원제일2차아파트 주택재건축정비사업,당산동5가 7-2,,,711,,,,
 서울특별시,재개발,마천4 재정비촉진구역 주택재개발정비사업조합설립(변경)인가서,마천동 323-,,,1208,,,,
 서울특별시,재건축,신반포4차아파트 재건축정비사업조합,잠원동 70-,,,1621,,,,
 서울특별시,재건축,방화3재정비촉진구역,방화동 615-103,,,1327,,,,
 서울특별시,재건축,사당5주택재건축정비사업,사당동 303-,,,,,,,
 서울특별시,재건축,,서초동 1611-1,,,,,,,
 서울특별시,재개발,흑석11 재정비촉진구역 주택재개발정비사업,흑석동 304,,,1032,,,,
 서울특별시,재건축,신동아아파트,서빙고동 241-21,,,1620,,,,
 서울특별시,재건축,가락삼익맨숀 주택재건축정비사업,송파동 166,,,1441,,,,
 서울특별시,재건축,압구정지구 특별계획구역4 주택재건축정비사업,압구정동 481,,,2030,,,,
 서울특별시,재건축,가락프라자아파트 주택재건축 정비구역,가락동 199,,,1008,,,,
 서울특별시,재건축,삼환가락아파트 재건축사업,가락동 176,,,973,,,,
 서울특별시,재건축,자양아파트주택재건축정비구역,자양동 658-14,,,,,,,
 서울특별시,재건축,개포주공6.7단지아파트 재건축정비구역,개포동 185,,,2608,,,,
 서울특별시,재건축,신반포7차아파트주택재건축정비사업,잠원동 65-32,,,,,,,
 서울특별시,재건축,장안동 현대아파트 재건축정비사업,장안동 95-1,,,581,,,,
 서울특별시,재개발,영등포 대선제분 일대 재개발1구역 제1지구 재개발사업,문래동3가 16-32,,,,,,,
 서울특별시,재건축,,반포동 65-1,,,,,,,
 서울특별시,재건축,석수빌라 소규모 재건축 정비사업(시흥대로36길 61 석수빌라),시흥동 1004,,,,,,,
 서울특별시,재건축,미래빌라소규모재건축정비사업,오류동 68-21,,,,,,,
 서울특별시,재건축,미성동 건영아파트 주택재건축정비사업,신림동 746-43,,,,,,,
 서울특별시,재건축,한양3차아파트 재건축정비사업,방이동 225,,,,,,,
 서울특별시,재건축,신길13재정비촉진구역,신길동 340-1,,,217,,,,
 서울특별시,재건축,신길우성2?우창아파트 재건축사업,신길동 4518,,,1155,,,,
 인천광역시,재개발,경동율목,"경동 40번지 일원
율목동 150번지 일원",,,,,,,
 인천광역시,재개발,송월,"송월동1가 12-16번지 일원
(당초 : 송월동 11번지 일원)",,,,,,,
 인천광역시,재개발,송월아파트,송월동1가 10-1번지 일원,,,,,,,
 인천광역시,재개발,경동,경동 96번지 일원,,,,,,,
 인천광역시,재개발,인천여상주변,사동 24번지 일원,,,,,,,
 인천광역시,주거환경개선,대헌학교뒤,"송림동 37,121번지 일원",,,,,,,
 인천광역시,주거환경개선,송림4,"송림동 2,4번지 일원",,,,,,,
 인천광역시,주거환경개선,송림초교주변,송림동 185번지 일원,,,,,,,
 인천광역시,재개발,금송,송림동 80-34번지 일원,,,,,,,
 인천광역시,재개발,서림,"송림동 64,55번지 일원",,,,,,,
 인천광역시,재개발,"송림1,2동",송림동 160번지 일원　,,,,,,,
 인천광역시,재개발,송림3,송림6동 42-215번지 일원,,,,,,,
 인천광역시,재건축,"송현1,2차A",송현동 1번지 일원,,,,,,,
 인천광역시,재개발,송림5,송림4동 29번지 일원,,,,,,,
 인천광역시,재개발,화수화평,화평동 1번지 일원,,,,,,,
 인천광역시,재개발,송림6,송림동 31-3번지 일원,,,,,,,
 인천광역시,주거환경개선,만석동괭이부리마을,만석동 9번지 일원,,,,,,,
 인천광역시,주거환경개선,박문여고주변,"송림동 101,102번지
 일원",,,,,,,
 인천광역시,재개발,도화1,도화동372-18일원　,,,,,,,
 인천광역시,재개발,도화4,도화동53-28일원,,,,,,,
 인천광역시,재개발,숭의3,숭의4동 18번지 일원,,,,,,,
 인천광역시,재개발,숭의5,숭의동284번지일원　,,,,,,,
 인천광역시,재개발,전도관,숭의동 116번지 일원,,,,,,,
 인천광역시,재개발,주안10,주안동 1545-2 일원,,,,,,,
 인천광역시,재개발,주안4,주안동 1577번지 일원,,,,,,,
 인천광역시,재개발,주안3,주안동 830번지 일원,,,,,,,
 인천광역시,재개발,학익1,학익1동 220번지 일원,,,,,,,
 인천광역시,재개발,학익2,학익2동 15번지 일원,,,,,,,
 인천광역시,재개발,학익3,학익1동 321번지 일원　,,,,,,,
 인천광역시,재건축,남광로얄A,주안동 458번지 일원,,,,,,,
 인천광역시,재건축,주안7,주안동 19-2번지 일원,,,,,,,
 인천광역시,재개발,전도관2,숭의3동 103번지 일원,,,,,,,
 인천광역시,재개발,여의,숭의동 232번지 일원,,,,,,,
 인천광역시,재개발,용현4,용현동 155번지 일원,,,,,,,
 인천광역시,재개발,학익4,학익2동 290번지일원,,,,,,,
 인천광역시,주거환경개선,용마루,용현2동 528번지 일원,,,,,,,
 인천광역시,재건축,우진A,"주안동 1344-1번지
일원",,,,,,,
 인천광역시,재건축,송도영남A,청학동 96-4번지,,,,,,,
 인천광역시,재개발,옥련대진빌라주변,"옥련동 271-17번지
일원",,,,,,,
 인천광역시,재개발,간석성락A,간석동 514번지 일원,,,,,,,
 인천광역시,재개발,간석초교주변(다복),구월동 70-33번지 일원,,,,,,,
 인천광역시,재개발,백운주택1,간석동 900번지 일원,,,,,,,
 인천광역시,재개발,상인천초교주변,"간석1동 311-1번지
일원",,,,,,,
 인천광역시,주거환경개선,십정2,십정동 216번지 일원,,,,,,,
 인천광역시,재개발,갈산1,"갈산동 112-93번지 
일원",,,,,,,
 인천광역시,재개발,백운2,"십정동 186-423번지
일원　",,,,,,,
 인천광역시,재개발,부개3,부개동 191번지 일원,,,,,,,
 인천광역시,재개발,부평2,부평동 760-700번지,,,,,,,
 인천광역시,재개발,부평4,부평동 665번지 일원　,,,,,,,
 인천광역시,재개발,부평목련A주변,부평6동 608번지 일원,,,,,,,
 인천광역시,재개발,산곡2-1,산곡동 178번지 일원,,,,,,,
 인천광역시,재개발,산곡2-2,산곡동 178번지 일원,,,,,,,
 인천광역시,재개발,산곡3,산곡1동 180번지 일원,,,,,,,
 인천광역시,재개발,산곡5,"산곡동 370-58번지 
일원",,,,,,,
 인천광역시,재개발,산곡4,산곡동 63-58일원,,,,,,,
 인천광역시,재개발,십정3,십정동 432번지,,,,,,,
 인천광역시,재개발,십정4,"십정동 166-1번지 
일원",,,,,,,
 인천광역시,재개발,십정5,"십정동 460-22번지
 일원",,,,,,,
 인천광역시,재개발,청천1,청천동 104번지 일원,,,,,,,
 인천광역시,재개발,청천2,청천동 36-3번지 일원,,,,,,,
 인천광역시,재건축,부평아파트,부평5동 98-64번지,,,,,,,
 인천광역시,재개발,산곡,"산곡동 87-956번지 
일원",,,,,,,
 인천광역시,재개발,삼산1,삼산동 221-6번지 일원,,,,,,,
 인천광역시,재개발,신촌,부평동 283-66번지 일원,,,,,,,
 인천광역시,재개발,부개4,부개동 13-5번지 일원,,,,,,,
 인천광역시,재개발,부개5,부개동381-15번지일원,,,,,,,
 인천광역시,재개발,부개인우,부개동 88-2번지 일원,,,,,,,
 인천광역시,재개발,산곡6,산곡동 10번지 일원,,,,,,,
 인천광역시,재개발,산곡7,산곡동 225-2번지일원,,,,,,,
 인천광역시,재건축,산곡재원A,산곡1동 180-329번지,,,,,,,
 인천광역시,재건축,삼산대보A,삼산동 191번지,,,,,,,
 인천광역시,재건축,삼산부영A,"삼산동 74-2,7번지",,,,,,,
 인천광역시,재건축,청천3,청천동 392번지 일원,,,,,,,
 인천광역시,재건축,청천대진A,청천2동 236번지 일원,,,,,,,
 인천광역시,재개발,부개서초교북측,부개동 145-10번지 일원,,,,,,,
 인천광역시,재건축,한마음(아),부평동 758-31번지외 7,,,,,,,
 인천광역시,주거환경개선,동암마을,십정동 479-19 일원,,,,,,,
 인천광역시,주거환경개선,하하골마을,부평동 767-23 일원,,,,,,,
 인천광역시,재개발,계양1,작전동 765번지 일원,,,,,,,
 인천광역시,재개발,서운,서운동 19번지 일원,,,,,,,
 인천광역시,재개발,작전현대A,작전동 439-7번지외 주변,,,,,,,
 인천광역시,재개발,효성1,"효성동 264-14번지
 일원",,,,,,,
 인천광역시,재건축,작전우영A,"작전동 869-17번지
일원",,,,,,,
 인천광역시,재건축,작전태림연립,"작전동 443-2번지 
주변",,,,,,,
 인천광역시,재건축,효성뉴서울A,효성동 99-11번지,,,,,,,
 인천광역시,재건축,효성새사미A,효성동 623-16번지,,,,,,,
 인천광역시,재건축,가좌라이프빌라,가좌동 344번지 일원,,,,,,,
 인천광역시,재건축,가좌진주1차A,가좌동 30-2번지,,,,,,,
 인천광역시,재건축,롯데우람A,"석남동 491-3번지 
일원",,,,,,,
 인천광역시,주거환경개선,온수리마을,"강화군 길상면 온수리502-3번지
 일원",,,,,,,
 부산광역시,재개발,정남아파트주변 가로주택정비사업,덕천동 365-6,2,,,,,,
 부산광역시,재개발,좌천2 도시환경정비구역,동구 좌천동 67-27번지 120번지 일원,5,,,,,,
 부산광역시,재개발,좌천범일8 도시환경정비구역,동구 범일동 252-753번지 일원,2,,,,,,
 부산광역시,재개발,좌천범일통합2 도시환경정비구역,동구 범일동 68-119번지 일원,4,,,,,,
 부산광역시,재개발,좌천범일통합3 도시환경정비구역,동구 범일동 252-1562번지 일원,8,,,,,,
 부산광역시,재개발,주례1도시환경정비구역,사상구 주례동 439-1번지 일원,3동,,,,,,
 부산광역시,재개발,주례2주택재개발정비구역,사상구 주례동 809번지 일원,9동,,,,,,
 부산광역시,재개발,중동3 도시환경,해운대구 중동 1597번지일원,4,,,,,,
 부산광역시,재개발,청룡1주택재건축정비구역,금정구 청룡동 87-2,-,,,,,,
 부산광역시,재개발,청학1 재건축정비구역,영도구 청학동 135번지 일원,-,,,,,,
 부산광역시,재개발,초량1 도시환경정비구역,동구 초량동 635-3번지 일원,7,,,,,,
 부산광역시,재개발,초량1-1 재개발정비사업,동구 수정동 383번지 일원,4,,,,,,
 부산광역시,재개발,초량1-3 도시환경정비구역,동구 초량동 43-11번지 일원,4,,,,,,
 부산광역시,재개발,우암1주택재개발,남구 우암동 198-3번지 일원,25,,,,,,
 부산광역시,재개발,우암1주거환경관리,남구 우암동 189-1104번지 일원,미정,,,,,,
 부산광역시,재개발,우암2 주택재개발,남구 우암동 129번지 일원,29,,,,,,
 부산광역시,재개발,-,연산동 1359-7,-,,,,,,
 부산광역시,재개발,-,1234,-,,,,,,
 부산광역시,재개발,일동·남양·청산주택 소규모재건축,영도구 청학동 69-80번지,5,,,,,,
 부산광역시,재개발,일동파크맨션 소규모재건축사업,북구 덕천동 365-11번지 일원,4,,,,,,
 부산광역시,재개발,장림1 주택재개발 구역,사하구 장림1동 740 일원,13,,,,,,
 부산광역시,재개발,재송2 주택재개발,해운대구 재송동 938번지일원,9,,,,,,
 부산광역시,재개발,재송2 주택재건축,해운대구 재송동 1030번지일원,8,,,,,,
 부산광역시,재개발,재송4 주택재건축,해운대구 재송동 1023번지일원,미정,,,,,,
 부산광역시,재개발,재송5 주택재건축,해운대구 재송동 1146번지 일원,미정,,,,,,
 부산광역시,재개발,전포1-1 재개발,부산진구 전포동 15-2번지,17동,,,,,,
 부산광역시,재개발,전포2-1 재개발,부산진구 전포동 268번지 일원,27,,,,,,
 부산광역시,재개발,영도제1재정비촉진5 재개발,영도구 신선동3가 89-21번지 일원,미정,,,,,,
 부산광역시,재개발,영주1 재건축정비사업,중구 영주1동 2번지 일원,미정,,,,,,
 부산광역시,재개발,온천1구역 재건축,동래구 온천2동 397-6번지,미정,,,,,,
 부산광역시,재개발,온천2 구역 재개발정비구역,동래구 온천동 885-2번지 일원,32,,,,,,
 부산광역시,재개발,온천3구역 재개발정비사업,동래구 온천동 1550-3번지 일원,4,,,,,,
 부산광역시,재개발,온천4 재개발,동래구 온천동 100-13번지 일원,36개동,,,,,,
 부산광역시,재개발,온천제2공영아파트 일원 가로주택정비사업,온천동 1370-1,미정,,,,,,
 부산광역시,재개발,용호2주택재개발,남구 용호3동 434번지 일원,10,,,,,,
 부산광역시,재개발,용호3주택재개발,남구 용호2동 549-1번지 일원,11,,,,,,
 부산광역시,재개발,우동1 재건축,해운대구 우동 1104-1번지 일원,13,,,,,,
 부산광역시,재개발,우동2재개발,해운대구 우동 1074번지일원,3,,,,,,
 부산광역시,재개발,우동3 주택재개발,해운대구 우동 229번지일원,24  (예정),,,,,,
 부산광역시,재개발,우동5 주택재개발,해운대구 우동 1102-68번지 일원,2,,,,,,
 부산광역시,재개발,엄궁1주택재개발정비구역,사상구 엄궁동 412번지 일원,13동,,,,,,
 부산광역시,재개발,엄궁3주택재개발정비구역,사상구 엄궁동 132번지 일원,11동,,,,,,
 부산광역시,재개발,연산1재개발정비구역,연제구 연산2동 1452번지 일원(노동청 뒤편),4,,,,,,
 부산광역시,재개발,연산2구역 주택재개발정비사업,연제구 연산동 1990번지 일원,11,,,,,,
 부산광역시,재개발,연산3구역 주택재개발정비사업,연제구 연산3동 2022번지 일원,18,,,,,,
 부산광역시,재개발,연산4구역 주택재건축정비사업,연제구 연산2동 772번지 일원(연산초교 밑 일원),8,,,,,,
 부산광역시,재개발,연산5구역 재건축정비사업,연제구 연산동 2220번지 일원(망미주공아파트 일원),19,,,,,,
 부산광역시,재개발,연산5구역 주택재개발정비사업,연제구 연산2동 1602번지 일원,4,,,,,,
 부산광역시,재개발,연산6구역 주택재건축정비사업,연제구 연산동 387-1(한양아파트 일원),13,,,,,,
 부산광역시,재개발,연산6구역 주택재개발정비구역,연제구 연산2동 834-4번지 일원(양동초교 일원),11개동,,,,,,
 부산광역시,재개발,연산동 태광맨션 가로주택 정비구역,연제구 연산동 418-5번지 일원,미정,,,,,,
 부산광역시,재개발,연지1-2주택재개발정비구역,부산진구 연지동 54-1번지 일원,11,,,,,,
 부산광역시,재개발,연지2주택재개발정비구역,부산진구 연지동 250번지,24,,,,,,
 부산광역시,재개발,시민공원주변재정비촉진2-1 재개발,부산진구 범전동 263-5번지,5,,,,,,
 부산광역시,재개발,시민공원주변재정비촉진2-2 재개발,부산진구 범전동 400번지,미정,,,,,,
 부산광역시,재개발,시민공원주변재정비촉진3 재개발,부산진구 범전동 71-5번지 일원,18,,,,,,
 부산광역시,재개발,시민공원주변재정비촉진4 재개발,부산진구 양정동 445-15번지,2,,,,,,
 부산광역시,재개발,신서면아파트 소규모재건축,부산진구 부암동 669-6번지,2,,,,,,
 부산광역시,재개발,신선1주거환경개선지구,영도구 신선동1가 266-17번지 일원,미정,,,,,,
 부산광역시,재개발,안락1 재건축,동래구 안락동 1230번지 일원,12,,,,,,
 부산광역시,재개발,안락3구역 재건축,동래구 안락동 152-10,6동,,,,,,
 부산광역시,재개발,양정1 가로주택 정비구역,부산진구 양정동 320-1번지 일원,2,,,,,,
 부산광역시,재개발,양정1주택재개발정비구역,부산진구 양정동 73-7번지,22,,,,,,
 부산광역시,재개발,양정2주택재개발정비구역,부산진구 양정동 12-6번지 일원,14,,,,,,
 부산광역시,재개발,양정3주택재개발정비구역,부산진구 양정동 64-3번지 일원,10,,,,,,
 부산광역시,재개발,양정산정 가로주택정비사업,부산진구 양정동 138-12번지 일원,1,,,,,,
 부산광역시,재개발,양정산호아파트 소규모재건축,부산진구 양정동 271-2번지 일원,4,,,,,,
 부산광역시,재개발,서금사재정비촉진A 재개발,금정구 부곡동 332-4 번지 일원),0,,,,,,
 부산광역시,재개발,서대신4 재개발,서구 서대신동3가 662번지,7,,,,,,
 부산광역시,재개발,서대신5 재개발,서구 서대신동2가 394번지 일원,8,,,,,,
 부산광역시,재개발,서대신6  재개발,서구 서대신동2가 414-1번지 일원,7,,,,,,
 부산광역시,재개발,서대신7 재개발,서구 서대신동1가 212번지 일원,8동,,,,,,
 부산광역시,재개발,성암아파트 소규모 재건축,부산진구 부암동 80-8,1,,,,,,
 부산광역시,재개발,성창아파트(소규모)재건축 정비사업,남구 대연동 384-10 -18,미정,,,,,,
 부산광역시,재개발,세화아파트 소규모재건축사업,연제구 연산동 1507-1번지,2,,,,,,
 부산광역시,재개발,수안1 재건축,동래구 수안동 665-1번지 일원,미정,,,,,,
 부산광역시,재개발,수안2구역 재건축정비사업,동래구 수안동 6-1번지 일원,미정,,,,,,
 부산광역시,재개발,수안3 재건축,동래구 수안동 34-1번지,미정,,,,,,
 부산광역시,재개발,-,부산시 수영구 광안동 1037-1번지,-,,,,,,
 부산광역시,재개발,수정1 도시환경정비구역,동구 수정동 1352번지 일원,3,,,,,,
 부산광역시,재개발,시민공원주변재정비촉진1 재개발,부산진구 부암동 27-7번지,미정,,,,,,
 부산광역시,재개발,부민2 재개발,서구 부민동3가 54 아미동2가 126,13개동,,,,,,
 부산광역시,재개발,부암1주택재개발정비구역,부산진구 부암동 567번지,21,,,,,,
 부산광역시,재개발,부원아파트 소규모재건축,부산진구 양정동 406-6번지 일원,1,,,,,,
 부산광역시,재개발,사직 진성맨션블록,동래구 사직동 354-2,미정,,,,,,
 부산광역시,재개발,사직1-5 재건축,동래구 사직동 16-1번지,미정,,,,,,
 부산광역시,재개발,사직1-6 재건축,동래구 사직동 630번지 일원,10,,,,,,
 부산광역시,재개발,삼보아파트 가로주택정비사업,연제구 연산동 580-4번지 일원,미정,,,,,,
 부산광역시,재개발,삼부로얄소규모재건축,부산진구 부암동 80-6,2,,,,,,
 부산광역시,재개발,삼성콘도맨션소규모재건축,해운대구 중동1154-5,1동,,,,,,
 부산광역시,재개발,삼월주택 소규모재건축정비사업,남구 용호동 366-7번지 일원,1,,,,,,
 부산광역시,재개발,새들맨션 소규모재건축사업,대청동4가 79-1,미정,,,,,,
 부산광역시,재개발,새연산 소규모재건축사업,연제구 연산동 588-1번지,4,,,,,,
 부산광역시,재개발,서금사재정비촉진5 재개발,금정구 서동 557-16번지 일원,0,,,,,,
 부산광역시,재개발,서금사 재정비촉진6 재개발,금정구 서동 302-1204,0,,,,,,
 부산광역시,재개발,반여3-1 재건축,해운대구 반여동 1477-1번지 일원,9동,,,,,,
 부산광역시,재개발,반여4구역주택재건축,해운대구 반여동 668-1번지 일원,5동,,,,,,
 부산광역시,재개발,범일2 재개발정비구역,동구 범일2동 662-59 일원,6,,,,,,
 부산광역시,재개발,범일3 도시환경정비구역,동구 범일동 830-90번지 일원,4,,,,,,
 부산광역시,재개발,범일3-1 도시환경정비구역,동구 범일동 830-100번지 일원,2,,,,,,
 부산광역시,재개발,범일동 제일상가아파트 가로구역,동구 범일동 830-44번지 일원,미정,,,,,,
 부산광역시,재개발,범천1-1 재개발,부산진구 범천동 850-1번지,8,,,,,,
 부산광역시,재개발,범천1-2재개발정비구역,부산진구 범천동 851-1번지 일원,미정,,,,,,
 부산광역시,재개발,범천4  재개발정비구역,부산진구 범천동 1269-15,21동,,,,,,
 부산광역시,재개발,복산1 재개발,동래구 칠산동 246번지 일원,68개동,,,,,,
 부산광역시,재개발,봉래1구역주택재개발,영도구 봉래동4가 69-1번지 일원,12,,,,,,
 부산광역시,재개발,부곡1주거환경관리사업 정비구역,금정구 부곡동 737-144번지 일원,미정,,,,,,
 부산광역시,재개발,부곡2재개발정비사업,금정구 부곡동 279-1번지 일원,24동,,,,,,
 부산광역시,재개발,부곡동 812-1번지 일원 소규모재건축사업,부곡동 812-1번지,-,,,,,,
 부산광역시,재개발,만덕3구역 재건축사업,북구 만덕동 670번지 일원,5,,,,,,
 부산광역시,재개발,미정,북구 만덕동 839-1(만덕동원맨션),미정,,,,,,
 부산광역시,재개발,망미1구역 주택재개발,수영구 망미1동 906-31번지 일원,13동,,,,,,
 부산광역시,재개발,망미2구역 주택재개발,수영구 망미1동 800-1번지,17동,,,,,,
 부산광역시,재개발,명륜2 재건축,동래구 명륜동 702-47번지 일원,미정,,,,,,
 부산광역시,재개발,명륜4 재개발,동래구 명륜동 650-1번지 일원,7,,,,,,
 부산광역시,재개발,명보아파트 가로주택정비사업,동래구 온천동 1448-1,-,,,,,,
 부산광역시,재개발,명장1 재개발,동래구 명장동 623번지 일원,17,,,,,,
 부산광역시,재개발,명장동 29-27번지 일대 가로주택정비사업,명장동 29-27,-,,,,,,
 부산광역시,재개발,문현1주택재개발,남구 문현동 788-1번지 일원,7,,,,,,
 부산광역시,재개발,문현3주택재개발,남구 문현1동 557번지 일원,34,,,,,,
 부산광역시,재개발,반여1-1 재개발,해운대구 반여동 1316번지 일원,8,,,,,,
 부산광역시,재개발,반여1-2 주택재개발,해운대구 반여동 1349번지일원,8,,,,,,
 부산광역시,재개발,반여3 재건축정비사업,해운대구 반여동1405-31번지일원,9,,,,,,
 부산광역시,재개발,대연맨션소규모재건축정비구역,남구 대연동 405번지 일원,미정,,,,,,
 부산광역시,재개발,대평1구역도시환경,영도구 대평동 1가 1번지  일원,3동,,,,,,
 부산광역시,재개발,덕천2구역 재건축사업,북구 덕천동 359-1번지 일원,8동,,,,,,
 부산광역시,재개발,덕천2-1구역 재건축사업,북구 덕천동 378-1번지 일원,6,,,,,,
 부산광역시,재개발,덕천3구역 재건축사업,북구 덕천동 361번지 일원(목화삼진),4,,,,,,
 부산광역시,재개발,덕포1주택재개발정비구역,사상구 덕포동 220번지 일원,14,,,,,,
 부산광역시,재개발,동대신1 재개발,서구 동대신동3가 63-2번지일원,6,,,,,,
 부산광역시,재개발,동대신1구역 주택재건축,서구 동대신동2가 313번지 일원,미정,,,,,,
 부산광역시,재개발,동대신2 재개발,서구 동대신동1가 24번지,6,,,,,,
 부산광역시,재개발,동삼1구역주택재개발,영도구 동삼동 323-30번지 일원,19,,,,,,
 부산광역시,재개발,동삼2구역주택재개발,영도구 동삼동 383-1번지 일원,10,,,,,,
 부산광역시,재개발,동성하이타운 가로주택정비사업,남구 대연동 1756-9,미정,,,,,,
 부산광역시,재개발,만덕2구역 재건축사업,북구 만덕동 861-7번지 일원,12,,,,,,
 부산광역시,재개발,당리2 주택재개발 구역,사하구 당리동 340번지 일원,7동,,,,,,
 부산광역시,재개발,대라주공아파트 소규모재건축정비사업,기장군 기장읍 대라리 128-11,미정,,,,,,
 부산광역시,재개발,-,대연동 1492-47,-,,,,,,
 부산광역시,재개발,대연2주택재개발,남구 대연6동 1595번지 일원,30,,,,,,
 부산광역시,재개발,대연2구역 주택재건축정비사업,남구 대연동 1536-12번지 일원,5,,,,,,
 부산광역시,재개발,대연3주택재개발,남구 대연1동 1619번지 일원,28,,,,,,
 부산광역시,재개발,대연3구역 주택재건축정비사업,남구 대연동 455-25번지,6,,,,,,
 부산광역시,재개발,대연4주택재개발,남구 대연4동 1203-100번지 일원,8,,,,,,
 부산광역시,재개발,대연4구역 주택재건축정비사업,남구 대연3동 1808번지 일원,8,,,,,,
 부산광역시,재개발,대연5주택재개발,남구 대연3동 630-1번지 일원,9,,,,,,
 부산광역시,재개발,대연6주택재개발,남구 대연4동 1160-1번지 일원,14,,,,,,
 부산광역시,재개발,대연7주택재개발,남구 대연5동 1903번지 일원,12,,,,,,
 부산광역시,재개발,대연8주택재개발,남구 대연4동 1173번지 일원,30,,,,,,
 부산광역시,재개발,대연동,대연동 1492-11,3,,,,,,
 부산광역시,재개발,낙민1구역 재건축,동래구 낙민동 172번지,미정,,,,,,
 부산광역시,재개발,남강맨션 가로주택정비사업,수영구 광안동 165-10번지 일원,미정,,,,,,
 부산광역시,재개발,남부민1 주거환경개선,서구 남부민동 22번지 일원,미정,,,,,,
 부산광역시,재개발,남산1 주택재건축정비구역,금정구 남산동 3-1,4,,,,,,
 부산광역시,재개발,남일흥아아파트 가로주택정비사업,연제구 연산동 1122-1번지 일원,미정,,,,,,
 부산광역시,재개발,남천17블록 가로주택정비사업 정비구역,수영구 남천동 17-3번지 일원,2개동,,,,,,
 부산광역시,재개발,남천2구역 주택재개발,수영구 남천1동 501번지,10,,,,,,
 부산광역시,재개발,남천2구역(삼익빌라) 주택재건축,수영구 남천동 148-17,4동,,,,,,
 부산광역시,재개발,남천2구역(삼익타워) 주택재건축,수영구 남천동 148-28번지 일원,7동,,,,,,
 부산광역시,재개발,남천2-3구역(삼익비치) 재건축,수영구 남천동 148-4번지,12동,,,,,,
 부산광역시,재개발,-,남천동 47-1,-,,,,,,
 부산광역시,재개발,다대1 재개발 정비구역,사하구 다대1동 248 일원,미정,,,,,,
 부산광역시,재개발,당감1-1재건축정비구역,부산진구 당감동 175-2번지 일원,미정,,,,,,
 부산광역시,재개발,당리1 재건축,사하구 당리동 237-2번지 일원,9개동,,,,,,
 부산광역시,재개발,광안동 373블럭 가로주택정비사업,수영구 광안동 373번지 일원,-,,,,,,
 부산광역시,재개발,-,괴정동 240-27,-,,,,,,
 부산광역시,재개발,괴정2 주택재개발 구역,사하구 괴정동 216-10 일원,11동,,,,,,
 부산광역시,재개발,괴정2 재건축,사하구 괴정동 733번지(신동양아파트),5,,,,,,
 부산광역시,재개발,괴정3재건축정비구역,사하구 괴정동 530-13번지 일원,9개동,,,,,,
 부산광역시,재개발,괴정5구역 재개발사업,사하구 괴정동 571-1번지 일원,26개동,,,,,,
 부산광역시,재개발,괴정6 재개발정비사업,사하구 괴정동 486-20번지 일원,0,,,,,,
 부산광역시,재개발,구서3 주택재건축정비구역,금정구 구서동 252-7번지 일원,미정,,,,,,
 부산광역시,재개발,구서4주택재건축정비구역,금정구 구서동 167-0,4,,,,,,
 부산광역시,재개발,구서5구역 재건축,금정구 구서동 185-1번지 일원,미정,,,,,,
 부산광역시,재개발,구일주택 소규모재건축,재송동 1057-17 외 1,1,,,,,,
 부산광역시,재개발,구포1주거환경개선구역,북구 구포동 640번지 일원,미정,,,,,,
 부산광역시,재개발,구포3 재개발,북구 구포동 720번지 일원,11,,,,,,
 부산광역시,재개발,금곡2-1구역 재개발사업,북구 금곡동 1193-43번지 일원,3동,,,,,,
 부산광역시,재개발,구서동 금화산호삼산(소규모),금정구 구서동 194-2번지 외 3필지,-,,,,,,
 부산광역시,재개발,가야1 재개발,부산진구 가야동 410번지,17동,,,,,,
 부산광역시,재개발,가야3 재개발,부산진구 가야동 186,6동,,,,,,
 부산광역시,재개발,감만1주택재개발,남구 감만1동 312번지 일원,66,,,,,,
 부산광역시,재개발,감전1 주거환경정비사업,사상구 감전동 105-11번지,-,,,,,,
 부산광역시,재개발,감천2주택재개발,사하구 감천1동 202 일원,19동,,,,,,
 부산광역시,재개발,개금1 재개발,부산진구 개금동 480번지,미정,,,,,,
 부산광역시,재개발,개금2 재개발,부산진구 개금동 280-5번지,7,,,,,,
 부산광역시,재개발,거제1구역 주택재건축정비사업,연제구 거제1동 212번지 일원(고려맨션 일원),5개동,,,,,,
 부산광역시,재개발,거제2구역 주택재개발정비사업,연제구 거제동 802번지 일원(계성정보고 주변),34,,,,,,
 부산광역시,재개발,거제동 가로주택정비사업,연제구 거제동 43번지 일원,2,,,,,,
 부산광역시,재개발,광안1구역 주택재건축,수영구 광안동 1257번지,8동,,,,,,
 부산광역시,재개발,광안2구역 주택재개발,수영구 광안4동 1240-38번지,10동,,,,,,
 부산광역시,재개발,광안2구역 주택재건축,수영구 광안4동 1222-9번지,5동,,,,,,
 부산광역시,재개발,초량2 주택재개발정비구역,동구 초량동 754-137번지 일원,19,,,,,,
 부산광역시,재개발,초량3 주택재개발정비구역,동구 초량동 659번지 일원,6,,,,,,
 부산광역시,재개발,초읍1주택재개발정비구역,부산진구 초읍동 51-87번지,16개동,,,,,,
 부산광역시,재개발,초읍2주택재개발정비구역,부산진구 초읍동 556번지 일원,9,,,,,,
 부산광역시,재개발,-,민락동 11-1,-,,,,,,
 부산광역시,재개발,하단1 재건축,사하구 하단동 605-31번지 일원,-,,,,,,
 부산광역시,재개발,한독아파트 소규모재건축,연산동 1873-30,-,,,,,,
 부산광역시,재개발,협성(새)온천아파트(소규모),부곡동 873-74,미정,,,,,,
 부산광역시,재개발,화명2 재개발,북구 화명동 1554-4번지 일원,9,,,,,,
 부산광역시,재개발,화명2구역 재건축사업,북구 화명동 1258-1(화명시영),3,,,,,,
 부산광역시,재개발,화명3 재개발,북구 화명동 265번지 일원,6,,,,,,
 부산광역시,재개발,효성아파트소규모재건축,연제구 연산동 1643-2,미정,,,,,,
 대전광역시,재개발,신흥3(촉진),신흥동 161-33,,605,,2009-12-31,2022-12-31,2019-12-26,박소미
 대전광역시,재개발,대동4·8,대동 405-7,,1354,,2008-07-25,2024-12-31,,강용식
 대전광역시,재개발,성남동1,성남동 1-154,,634,,2007-12-14,2026-12-31,,박소미
 대전광역시,재개발,성남동3,성남동 35-5,,,,2008-11-07,,,강용식
 대전광역시,재개발,중앙1(촉진),소제동 299-264,,410,,2007-12-14,,,윤태훈
 대전광역시,재개발,대전역복합2(촉진),소제동 319-2,,,,2006-12-29,,,이교진
 대전광역시,재개발,대전역복합3(촉진),정동 1-280,,,,2006-12-29,2019-04-15,,이교진
 대전광역시,재개발,대전역삼성4(촉진),삼성동 80-100,,1152,,2006-12-29,,,윤태훈
 대전광역시,재개발,삼성1,삼성동 279-1,,,,2019-08-23,,,변승연
 대전광역시,재개발,신안1(촉진),신안동 281-12,,,,,,,윤태훈
 대전광역시,재개발,가양동1,가양동 176-14,,,,,,,박소미
 대전광역시,재개발,목동3(촉진),목동 1-95,,169,,2009-06-19,,2019-07-26,홍수빈
 대전광역시,재개발,선화(촉진),선화동 339-55,,418,,2009-06-19,2023-05-31,2017-10-13,김건태
 대전광역시,재개발,선화B(촉진),선화동 207-16,,208,,2006-12-29,2024-05-30,2021-04-02,한승연
 대전광역시,재개발,대사동1,대사동 167-4,,517,,2011-01-28,2025-12-26,,권영균
 대전광역시,재개발,대사동3,대사동 250-14,,,,,,,
 대전광역시,재개발,대사동4,대사동 78-10,,,,,,,
 대전광역시,재개발,대흥동1,대흥동 336-16,,388,,2014-12-12,,,한승연
 대전광역시,재개발,대흥2,대흥동 385-15,,466,,2006-09-08,2022-09-07,,이준태
 대전광역시,재개발,대흥4,대흥동 260-9,,347,,2007-10-19,,,이준태
 대전광역시,재개발,목동4,목동 34-11,,201,,2008-08-29,2023-11-31,2021-05-06,최병훈
 대전광역시,재개발,문화동5,문화동 284-46,,,,,,,
 대전광역시,재개발,문화동7,문화동 372-13,,,,,,,
 대전광역시,재개발,문화동8,문화동 161-3,,760,,2018-07-19,2028-07-18,,김건태
 대전광역시,재개발,문화2,문화동 330,,282,,2006-12-29,,2021-01-27,최병훈
 대전광역시,재개발,부사동4,부사동 244-3,,419,,2011-01-28,,,정아임
 대전광역시,재개발,부사동5,부사동 424-35,,,,,,,
 대전광역시,재개발,산성동2,산성동 133-24,,778,,2008-06-20,2025-12-31,,권영균
 대전광역시,재개발,옥계동2,옥계동 173-168,,585,,2011-01-28,,,한승연
 대전광역시,재개발,용두동1,용두동 167-9,,203,,2008-05-16,,,홍수빈
 대전광역시,재개발,용두동2,용두동 182-72,,303,,2008-12-26,,,김건태
 대전광역시,재개발,태평동2,태평동 263-5,,365,,2008-06-27,,,홍수빈
 대전광역시,재개발,선화1,선화동 235-33,,340,,2014-03-07,,,이준태
 대전광역시,재개발,선화1-A,선화동 63,,73,,2012-02-03,,,정아임
 대전광역시,재개발,선화2,선화동 136-2,,567,,2011-09-30,,,한승연
 대전광역시,재개발,은행1,은행동 1-1,,768,,2007-06-01,,,한승연
 대전광역시,재개발,오류동1,오류동 179-2,,149,,2021-10-08,,,한승연
 대전광역시,재개발,도마·변동1(촉진),가장동 38-1,,533,,2009-08-07,2025-12-30,,박현범
 대전광역시,재개발,도마·변동2(촉진),변동3-4,,520,,2009-08-07,2025-12-30,,황길현
 대전광역시,재개발,도마·변동3(촉진),변동 9-4,,1000,,2009-08-07,2025-12-30,,임태경
 대전광역시,재개발,도마·변동4(촉진),변동 63-5,,1525,,2009-08-07,2027-12-30,,박현범
 대전광역시,재개발,도마·변동5(촉진),도마동 85-19,,1537,,2009-08-07,2027-12-30,,임태경
 대전광역시,재개발,도마·변동6(촉진),도마동 86-66,,283,,2009-08-07,2025-12-30,,황길현
 대전광역시,재개발,도마·변동8(촉진),도마동 179-30,,1026,,2009-08-07,2025-12-30,2019-09-11,강전홍
 대전광역시,재개발,도마·변동9(촉진),도마동 181-1,,453,,2009-08-07,2025-12-30,,강전홍
 대전광역시,재개발,도마·변동11(촉진),도마동 145-8,,656,,2009-08-07,2025-12-30,2021-06-24,박현범
 대전광역시,재개발,도마·변동12(촉진),도마동 165-1,,917,,2009-08-07,2025-12-30,,임태경
 대전광역시,재개발,도마·변동13(촉진),도마동 317-139,,1278,,2009-08-07,2027-12-30,,황길현
 대전광역시,재개발,복수동2,복수동 283-256,,404,,2008-12-05,2025-12-30,,강전홍
 대전광역시,재개발,장대B(촉진),장대동 14-5,,467,,2009-12-18,2027-06-30,,최영현
 대전광역시,재개발,대화동1,대화동 16-155,,747,,2008-10-10,2026-12-31,,홍종우
 대전광역시,재개발,대화동2,대화동 241-11,,493,,2009-06-26,2025-05-30,,홍종우
 대전광역시,재개발,오정동1,오정동 172-3,,,,2011-03-04,2030-12-31,,백태일
 대전광역시,재개발,석봉2(촉진),석봉동 415-1,,97,,2007-12-28,2030-12-31,,백태일
경상남도 진주시,재개발,하대1재개발구역,하대동 125-4,,414,,,,,
경상남도 창원시,재개발,경화구역,진해구 경화동 539,,1068,,,,,
경상남도 창원시,재개발,문화구역,마산합포구 문화동 14-180,,850,,,,,
경상남도 창원시,재개발,반월구역,마산합포구 반월동 61-1,,998,,,,,
경상남도 창원시,재개발,상남산호구역,마산합포구 상남동 179-1,,1996,,,,,
경상남도 창원시,재개발,대야구역,진해구 여좌동 843-1,,748,,,,,
경상남도 창원시,재개발,양덕3구역,마산회원구 양덕동 165-7,,337,,,,,
경상남도 창원시,재건축,가음1구역,성산구 가음동 20-1,,355,,,,,
경상남도 창원시,재건축,가음2구역,성산구 가음동 22-1,,460,,,,,
경상남도 창원시,재건축,가음3구역,성산구 가음동 23-1,,500,,,,,
경상남도 창원시,재건축,가음4구역,성산구 가음동 24-1,,635,,,,,
경상남도 창원시,재건축,가음5구역,성산구 가음동 15,,1160,,,,,
경상남도 창원시,재건축,가음6구역,성산구 가음동 12-1,,955,,,,,
경상남도 창원시,재건축,가음7구역,성산구 가음동 13-1,,560,,,,,
경상남도 창원시,재건축,가음8구역,성산구 가음동 14-5,,334,,,,,
경상남도 창원시,주거환경개선,갓골지구,의창구 동정동  354-0,,365,,,,,
경상남도 창원시,재건축,경화주공구역,진해구 경화동 859,,420,,,,,
경상남도 통영시,주거환경개선,서피랑지구,문화동  330-0,,384,,,,,
경상남도 통영시,주거환경개선,주전골지구,태평동  1-0,,496,,,,,
경상남도 통영시,주거환경개선,동피랑지구,동호동  118-0,,198,,,,,
경상남도 통영시,주거환경개선,정량지구,동호동  172-1,,118,,,,,
경상남도 통영시,주거환경개선,도남지구,도남동  190-0,,,,,,,
경상남도 통영시,재개발,북신지구,북신동 100-1,,587,,,,,
경상남도 창원시,재건축,공무원임대,마산합포구 교방동  367-1,,220,,,,,
경상남도 창원시,재개발,교방1구역,마산합포구 교방동 1-2,,947,,,,,
경상남도 창원시,재개발,교방2구역,마산합포구 교방동 29-2,,607,,,,,
경상남도 창원시,재개발,교방3구역,마산합포구 교방동 383-8,,483,,,,,
경상남도 창원시,재건축,교방주공아파트,마산합포구 교방동  355-1,,590,,,,,
경상남도 창원시,재건축,교원지구,마산합포구 교원동  37-3,,380,,,,,
경상남도 창원시,주거환경개선,교원지구,마산합포구 교원동  37-3,,721,,,,,
경상남도 창원시,주거환경개선,구암(산동)지구,마산회원구 구암동  1231-0,,300,,,,,
경상남도 진주시,재건축,이현주공아파트,이현동 8-1,,640,,,,,
경상남도 창원시,재개발,구암1구역,마산회원구 구암동 12-7,,995,,,,,
경상남도 창원시,재개발,구암2구역,마산회원구 구암동 21-18,,743,,,,,
경상남도 창원시,재건축,남산1구역,성산구 남산동 601-26,,460,,,,,
경상남도 창원시,재건축,내2구역,성산구 내동 454-1,,1118,,,,,
경상남도 창원시,재건축,내동주공2단지,성산구 내동  452-14,,510,,,,,
경상남도 창원시,주거환경개선,노산지구,마산합포구 상남동 74-13,,302,,,,,
경상남도 양산시,재건축,근로자복지(그린피아)아파트,물금읍 범어리 502-3,,300,,,,,
경상남도 창원시,주거환경개선,대내지구,마산합포구 대내동  7-4,,330,,,,,
경상남도 창원시,재건축,대동아파트,마산회원구 양덕동  49-1,,112,,,,,
경상남도 양산시,재건축,범어주공1차아파트,물금읍 범어리 409,,630,,,,,
경상남도 진주시,재건축,선학아파트,하대동 576,,40,,,,,
경상남도 창원시,재건축,대원1구역,의창구 대원동 37-1,,870,,,,,
경상남도 창원시,재건축,대원2구역,의창구 대원동 40,,1570,,,,,
경상남도 창원시,재건축,대원3구역,의창구 대원동 7-1,,1063,,,,,
경상남도 창원시,재건축,명서1구역,의창구 명서동  27-0,,1404,,,,,
경상남도 창원시,재건축,무학구역,마산회원구 합성동 694-1,,390,,,,,
경상남도 창원시,주거환경개선,문화지구,마산합포구 문화동  12-11,,720,,,,,
경상남도 창원시,재건축,반송2단지주공아파트,성산구 반림동  18-0,,2310,,,,,
경상남도 창원시,재건축,반송주공1단지,성산구 반림동  10-1,,2250,,,,,
경상남도 창원시,주거환경개선,반월지구,마산합포구 신월동  31-2,,260,,,,,
경상남도 창원시,재건축,반지1구역,성산구 반지동 25,,500,,,,,
경상남도 창원시,재개발,병암구역,진해구 이동 538-18,,183,,,,,
경상남도 창원시,재건축,봉암연립구역,마산회원구 봉암동 194,,234,,,,,
경상남도 진주시,재건축,동명아파트,상대동 249-1,,40,,,,,
경상남도 진주시,재건축,장미연립,신안동 2-12,,40,,,,,
경상남도 진주시,재건축,상봉국민주택,상봉동 740,,80,,,,,
경상남도 창원시,재건축,사파1구역,성산구 사파동 138,,2800,,,,,
경상남도 창원시,주거환경개선,산호지구,마산합포구 산호동  440-3,,978,,,,,
경상남도 창원시,재건축,상남1구역,성산구 상남동 63,,680,,,,,
경상남도 창원시,재건축,상남2구역,성산구 상남동 65-1,,680,,,,,
경상남도 창원시,주거환경개선,상남지구,마산합포구 상남동  183-1,,325,,,,,
경상남도 창원시,재개발,석전1구역,마산회원구 석전동 19-19,,749,,,,,
경상남도 창원시,재개발,석전2구역,마산회원구 석전동 275-35,,573,,,,,
경상남도 창원시,재건축,성모시영연립,마산합포구 중앙동3가  4-323,,42,,,,,
경상남도 창원시,주거환경개선,성호지구,마산합포구 성호동  97-9,,615,,,,,
경상남도 창원시,재건축,수정한효구역,마산합포구 산호동 310,,310,,,,,
경상남도 창원시,재건축,시민아파트,마산회원구 양덕동  177-1,,36,,,,,
경상남도 창원시,재건축,신월1구역,의창구 신월동 93,,1550,,,,,
경상남도 창원시,재건축,신월2구역,의창구 신월동 90,,1500,,,,,
경상남도 창원시,재건축,신월3구역,의창구 신월동 12-175,,378,,,,,
경상남도 창원시,재건축,신촌1구역,성산구 신촌동 21-2,,630,,,,,
경상남도 거제시,재건축,고현주공아파트 ,고현동 963-3 ,,740,,,,,
경상남도 거제시,재건축,장평주공1단지아파트,장평동 337,,560,,,,,
경상남도 거제시,재건축,옥포주공아파트,옥포동 874-2,,620,,,,,
경상남도 김해시,재건축,외동주공아파트,외동 705,,920,,,,,
경상남도 김해시,재건축,어방1주공아파트,어방동 871-1,,204,,,,,
경상남도 사천시,재건축,동금주공아파트,"동금동 20-4, 38-1",,430,,,,,
경상남도 창원시,재건축,신촌2구역,성산구 신촌동 34-1,,130,,,,,
경상남도 창원시,재건축,신촌3구역,성산구 신촌동 22-4,,500,,,,,
경상남도 창원시,재건축,신촌4구역,성산구 신촌동 23-2,,410,,,,,
경상남도 창원시,재건축,신촌5구역,성산구 신촌동 27-3,,180,,,,,
경상남도 창원시,재건축,신촌두산,성산구 신촌동  33-8,,150,,,,,
경상남도 창원시,재건축,신포삼익구역,마산합포구 신포동2가 54,,375,,,,,
경상남도 창원시,주거환경개선,신포지구,마산합포구 신포동1가  18-0,,421,,,,,
경상남도 창원시,주거환경개선,안민지구,성산구 안민동  72-0,,469,,,,,
경상남도 창원시,주거환경개선,양덕1지구,마산회원구 양덕동  38-3,,77,,,,,
경상남도 창원시,재개발,양덕2구역,마산회원구 양덕동 60-1,,496,,,,,
경상남도 창원시,재건축,양덕2동구역,마산회원구 양덕동 166-44,,671,,,,,
경상남도 창원시,재개발,양덕4구역,마산회원구 양덕동 165-7,,643,,,,,
경상남도 창원시,주거환경개선,양덕오리지구,마산회원구 양덕동 48-12,,193,,,,,
경상남도 창원시,재개발,여좌구역,진해구 여좌동 37-1,,364,,,,,
경상남도 창원시,주거환경개선,완월지구,마산합포구 완월동  203-0,,542,,,,,
경상남도 창원시,재건축,외2구역,성산구 외동 853-20,,175,,,,,
경상남도 창원시,재건축,외동주공,성산구 외동  853-16,,440,,,,,
경상남도 창원시,재건축,용호1구역,의창구 용호동 62,,920,,,,,
경상남도 창원시,재건축,용호2구역,의창구 용호동 66,,810,,,,,
경상남도 창원시,재건축,용호3구역,의창구 용호동 67-2,,1040,,,,,
경상남도 창원시,재건축,용호4구역,의창구 용호동 69,,720,,,,,
경상남도 창원시,재건축,용호5구역,의창구 용호동 70,,730,,,,,
경상남도 창원시,재건축,월남구역,마산합포구 월남동1가 7 ,,175,,,,,
경상남도 창원시,재건축,월영주공구역,마산합포구 월영동 614-546,,483,,,,,
경상남도 창원시,주거환경개선,월영지구,마산합포구 월영동 599-31,,55,,,,,
경상남도 창원시,재건축,월포삼익아파트,마산합포구 월포동  1-1,,490,,,,,
경상남도 창원시,재개발,율림구역,마산회원구 양덕동 81-1,,269,,,,,
경상남도 창원시,재개발,자산구역,마산합포구 자산동 70,,641,,,,,
경상남도 창원시,주거환경개선,자산지구,마산합포구 자산동  130-20,,625,,,,,
경상남도 창원시,재건축,중앙성모아파트,마산합포구 중앙동3가  4-201,,85,,,,,
경상남도 창원시,재건축,중앙시영아파트,마산합포구 중앙동2가  1-500,,130,,,,,
경상남도 창원시,주거환경개선,추산지구,마산합포구 추산동  49-1,,704,,,,,
경상남도 창원시,주거환경개선,태백지구,진해구 태백동  3-6,,260,,,,,
경상남도 창원시,주거환경개선,평지지구,진해구 태백동  74-2,,168,,,,,
경상남도 창원시,재개발,합성1동구역,마산회원구 합성동 54-1,,735,,,,,
경상남도 김해시,주거환경개선,삼정지구,삼정동  210-23,,424,,,,,
경상남도 김해시,주거환경개선,안동지구,안동  102,,622,,,,,
경상남도 김해시,주거환경개선,진영중구지구,진영읍 진영리 171,,240,,,,,
경상남도 김해시,주거환경개선,"동상11,12통지구        ",동상동  542-1,,278,,,,,
경상남도 김해시,주거환경개선,대성4통지구,대성동  44-6,,298,,,,,
경상남도 김해시,주거환경개선,대성2지구,대성동  100-0,,549,,,,,
경상남도 김해시,주거환경개선,불암.지내지구,지내동  31-2,,269,,,,,
경상남도 밀양시,주거환경개선,내일1지구,내일동  315-1,,204,,,,,
경상남도 밀양시,주거환경개선,내일지구,내일동  423-9,,219,,,,,
경상남도 밀양시,주거환경개선,내이3지구,내이동  677-5,,170,,,,,
경상남도 밀양시,주거환경개선,내이1지구,내이동  983-0,,328,,,,,
경상남도 밀양시,주거환경개선,내이2지구,내이동  산 694-5,,209,,,,,
경상남도 밀양시,주거환경개선,삼문1지구,삼문동  135-56,,147,,,,,
경상남도 밀양시,주거환경개선,삼문2지구,삼문동  184-149,,317,,,,,
경상남도 밀양시,주거환경개선,삼문3지구,삼문동  353-1,,350,,,,,
경상남도 밀양시,주거환경개선,내이지구,삼문동  389-30,,272,,,,,
경상남도 밀양시,주거환경개선,가곡3지구,남포동  668-1,,120,,,,,
경상남도 밀양시,주거환경개선,가곡2지구,남포동  709-21,,186,,,,,
경상남도 밀양시,주거환경개선,가곡지구,남포동  728-83,,149,,,,,
경상남도 밀양시,주거환경개선,삼랑진1지구,삼랑진읍 송지리 395-1,,139,,,,,
경상남도 밀양시,주거환경개선,하남지구,하남읍 수산리 808-16,,133,,,,,
경상남도 밀양시,주거환경개선,무안지구,무안면 무안리 878-1,,151,,,,,
경상남도 창원시,재개발,합성2구역,마산회원구 합성동 262-1,,470,,,,,
경상남도 창원시,주거환경개선,회성지구,마산회원구 회성동  188-51,,96,,,,,
경상남도 창원시,재개발,회원1구역,마산회원구 회원동 602-4,,618,,,,,
경상남도 창원시,재개발,회원2구역,마산회원구 회원동 480-31,,1601,,,,,
경상남도 창원시,재개발,회원3구역,마산회원구 회원동 356-16,,536,,,,,
경상남도 창원시,재개발,회원4구역,마산회원구 회원동 59-18,,556,,,,,
경상남도 창원시,재개발,회원5구역,마산회원구 회원동 641-1,,248,,,,,
경상남도 창원시,주거환경개선,회원지구,마산회원구 회원동  648-5,,88,,,,,
경상남도 진주시,주거환경개선,망경1지구,망경동 395,,195,,,,,
경상남도 진주시,주거환경개선,봉래동지구,봉래동 38,,599,,,,,
경상남도 진주시,주거환경개선,옥봉북동지구,옥봉동 367,,599,,,,,
경상남도 진주시,주거환경개선,옥봉남동지구,옥봉동 701-1,,465,,,,,
경상남도 진주시,주거환경개선,평거1지구,신안동 428-8,,210,,,,,
경상남도 진주시,주거환경개선,상대1지구,상대동 532,,582,,,,,
경상남도 진주시,주거환경개선,상봉동동지구,상봉동 894-1,,448,,,,,
경상남도 진주시,주거환경개선,칠암동지구,칠암동 100,,208,,,,,
경상남도 진주시,주거환경개선,이현동지구,유곡동 20,,244,,,,,
경상남도 진주시,주거환경개선,망경2지구,망경동 519-10,,170,,,,,
경상남도 진주시,주거환경개선,상봉서동지구,상봉동 771-1,,94,,,,,
경상남도 진주시,주거환경개선,평거2지구,평거동 163,,303,,,,,
경상남도 진주시,주거환경개선,남성동지구,남성동 281-6,,359,,,,,
경상남도 진주시,주거환경개선,장재동지구,장재동 808,,176,,,,,
경상남도 진주시,주거환경개선,평거3지구,평거동 371,,120,,,,,
경상남도 진주시,주거환경개선,망경3지구,망경동 309-1,,133,,,,,
경상남도 진주시,주거환경개선,망경4지구,망경동 66-66,,389,,,,,
경상남도 진주시,주거환경개선,강남동지구,망경동 130-1,,750,,,,,
경상남도 사천시,주거환경개선,청널지구,서동 347-1,,88,,,,,
경상남도 사천시,주거환경개선,선구지구,선구동 280-1,,190,,,,,
경상남도 사천시,주거환경개선,통창지구,동금동 158-7,,46,,,,,
경상남도 사천시,주거환경개선,대방지구,대방동 313-7,,79,,,,,
경상남도 양산시,주거환경개선,물금서부지구,물금읍 물금리 756,,416,,,,,
 대구광역시,재개발,달성지구,중구-10-02,,,,,,,
 대구광역시,재개발,서성지구,중구-10-11,,,,,,,
 대구광역시,재개발,중14구역,중구-10-14,,,,,,,
 대구광역시,재개발,북성로구역,중구-10-15,,,,,,,
 대구광역시,재개발,동인3-1지구,중구-10-32,,,,,,,
 대구광역시,재개발,동인3가,중구-10-33,,,,,,,
 대구광역시,재개발,동인4가 7통,중구-10-35,,,,,,,
 대구광역시,재개발,중검22구역,중구-10-36,,,,,,,
 대구광역시,재개발,삼덕동3가,중구--10-38,,,,,,,
 대구광역시,재건축,대봉1-2지구,중구-10-40,,,,,,,
 대구광역시,재건축,대봉1-3지구,중구-10-41,,,,,,,
 대구광역시,재개발,명륜지구,중구-10-47,,,,,,,
 대구광역시,재개발,대남지구,중구-10-49,,,,,,,
 대구광역시,재건축,남산4-5지구,중구-10-52,,,,,,,
 대구광역시,재개발,서문지구,중구-10-55,,,,,,,
 대구광역시,재개발,덕산4,중구-10-64,,,,,,,
 대구광역시,주거환경,중구-20-68,중구-20-68,,,,,,,
 대구광역시,재개발,봉산동(중구70),중구-20-70,,,,,,,
 대구광역시,재건축,중구-30-01,중구-30-01,,,,,,,
 대구광역시,재개발,불로공항지구,동구-10-01,,,,,,,
 대구광역시,재개발,불로강변지구,동구-10-02,,,,,,,
 대구광역시,재건축,해성상명아파트,동구-10-04,,,,,,,
 대구광역시,재건축,효목1동6구역,동구-10-06,,,,,,,
 대구광역시,재건축,효목1동7구역,동구-10-07,,,,,,,
 대구광역시,재건축,효목2동 효동지구,동구-10-09,,,,,,,
 대구광역시,재건축,동부연합,동구-10-11,,,,,,,
 대구광역시,재건축,신암4동뉴타운,동구-10-22,,,,,,,
 대구광역시,재건축,신암10촉진,동구-촉진-10,,,,,,,
 대구광역시,재개발,신암2촉진,동구-촉진-02,,,,,,,
 대구광역시,재개발,신암1촉진,동구-촉진-01,,,,,,,
 대구광역시,재개발,신암5동 동자02지구,동구-10-30,,,,,,,
 대구광역시,재개발,신암6촉진,동구-촉진-06,,,,,,,
 대구광역시,재개발,신암8촉진,동구-촉진-08,,,,,,,
 대구광역시,재개발,동구43,동구-20-43,,,,,,,
 대구광역시,재건축,,동구-20-44,,,,,,,
 대구광역시,재건축,,동구-20-45,,,,,,,
 대구광역시,재개발,신암4촉진,동구-촉진-04,,,,,,,
 대구광역시,재개발,신암9촉진,동구-촉진-09,,,,,,,
 대구광역시,재개발,,동구-20-43,,,,,,,
 대구광역시,재건축,,동구-20-44,,,,,,,
 대구광역시,재건축,동신천연합,동구-00-39,,,,,,,
 대구광역시,재개발,,동구-30-01,,,,,,,
 대구광역시,재개발,,동구-30-02,,,,,,,
 대구광역시,재개발,,동구-30-03,,,,,,,
 대구광역시,재건축,,동구-30-04,,,,,,,
 대구광역시,재건축,,동구-30-05,,,,,,,
 대구광역시,재개발,,동구-30-06,,,,,,,
 대구광역시,재개발,,동구-30-07,,,,,,,
 대구광역시,재개발,,동구-30-08,,,,,,,
 대구광역시,재건축,,동구-30-09,,,,,,,
 대구광역시,재개발,,동구-30-10,,,,,,,
 대구광역시,재건축,,동구-30-11,,,,,,,
 대구광역시,재개발,,동구-30-12,,,,,,,
 대구광역시,재건축,비산5동,서구-10-02,,,,,,,
 대구광역시,재개발,원대동3가,서구-10-03,,,,,,,
 대구광역시,재개발,원대2가,서구-10-04,,,,,,,
 대구광역시,재개발,평리2촉진(舊 평리6-1지구),서구-촉진-02,,,,,,,
 대구광역시,재개발,평리4촉진 (舊 평리동 광명아파트),서구-촉진-04,,,,,,,
 대구광역시,재건축,평리3동,서구-10-11,,,,,,,
 대구광역시,재개발,평리1동,서구-10-13,,,,,,,
 대구광역시,재개발,서검08구역,서구-10-14,,,,,,,
 대구광역시,재건축,내당내서,서구-10-17,,,,,,,
 대구광역시,재개발,서대구지구,서구-10-18,,,,,,,
 대구광역시,재건축,청수,서구-10-19,,,,,,,
 대구광역시,,내당아파트지구,,,,,,,,
 대구광역시,재건축,,서구-10-23,,,,,,,
 대구광역시,재건축,중리지구,서구-10-23,,,,,,,
 대구광역시,재건축,,서구-10-23,,,,,,,
 대구광역시,재개발,,서구-20-25,,,,,,,
 대구광역시,재개발,,서구-20-27,,,,,,,
 대구광역시,재개발,평리1촉진,서구-촉진-01,,,,,,,
 대구광역시,재개발,평리3촉진,서구-촉진-03,,,,,,,
 대구광역시,재개발,평리5촉진,서구-촉진-05,,,,,,,
 대구광역시,재개발,평리6촉진,서구-촉진-06,,,,,,,
 대구광역시,재개발,평리7촉진,서구-촉진-07,,,,,,,
 대구광역시,재건축,광장타운1차,서구-20-28,,,,,,,
 대구광역시,재건축,내당동,서구-00-27,,,,,,,
 대구광역시,재건축,내당시영APT,서구-00-29,,,,,,,
 대구광역시,재건축,,서구-30-01,,,,,,,
 대구광역시,재건축,,서구-30-02,,,,,,,
 대구광역시,재건축,,서구-30-03,,,,,,,
 대구광역시,재개발,,서구-30-04,,,,,,,
 대구광역시,재개발,,서구-30-05,,,,,,,
 대구광역시,재건축,,서구-30-06,,,,,,,
 대구광역시,재개발,,서구-30-07,,,,,,,
 대구광역시,재개발,,서구-30-08,,,,,,,
 대구광역시,재개발,,서구-30-09,,,,,,,
 대구광역시,재개발,,서구-30-10,,,,,,,
 대구광역시,재개발,,서구-30-11,,,,,,,
 대구광역시,재개발,대명3동 뉴타운,남구-10-01,,,,,,,
 대구광역시,재건축,대명3지구,남구-10-03,,,,,,,
 대구광역시,재개발,상록,남구-10-04,,,,,,,
 대구광역시,재개발,대명2동 명덕지구,남구-10-05,,,,,,,
 대구광역시,재개발,문화지구,남구-10-09,,,,,,,
 대구광역시,재개발,봉덕1동구역,남구-10-10,,,,,,,
 대구광역시,재개발,배나무골,남구-10-15,,,,,,,
 대구광역시,재개발,봉덕1동 우리,남구-10-17,,,,,,,
 대구광역시,재개발,서봉덕,남구-10-19,,,,,,,
 대구광역시,재건축,남봉덕,남구-10-20,,,,,,,
 대구광역시,재건축,봉덕동 선주지구,남구-10-21,,,,,,,
 대구광역시,재개발,봉덕 대덕지구,남구-10-23,,,,,,,
 대구광역시,재개발,봉덕2동 효동주택,남구-10-25,,,,,,,
 대구광역시,재개발,봉덕연립,남구-10-26,,,,,,,
 대구광역시,재건축,앞산보성아파트,남구-10-28,,,,,,,
 대구광역시,재개발,대명5동 3통구역,남구-10-33,,,,,,,
 대구광역시,재개발,앞산점보,남구-10-35,,,,,,,
 대구광역시,재개발,대명4동,남구-10-36,,,,,,,
 대구광역시,재건축,앵두,남구-10-38,,,,,,,
 대구광역시,재건축,파크아파트,남구-10-39,,,,,,,
 대구광역시,재건축,개나리아파트,남구-10-40,,,,,,,
 대구광역시,재개발,대덕주택,남구-10-41,,,,,,,
 대구광역시,재개발,대명10동42구역,남구-10-42,,,,,,,
 대구광역시,재개발,대명10동43구역,남구-10-43,,,,,,,
 대구광역시,재건축,대명6동44구역(코스모스),남구-10-44,,,,,,,
 대구광역시,재건축,대명역 골안,남구-10-45,,,,,,,
 대구광역시,재건축,,남구-20-46,,,,,,,
 대구광역시,재건축,새길지구,남구-00-50,,,,,,,
 대구광역시,재건축,이천동 한마음,남구-00-52,,,,,,,
 대구광역시,재개발,,남구-30-01,,,,,,,
 대구광역시,재개발,,남구-30-02,,,,,,,
 대구광역시,재개발,,남구-30-03,,,,,,,
 대구광역시,재개발,,남구-30-04,,,,,,,
 대구광역시,재개발,,남구-30-05,,,,,,,
 대구광역시,재건축,,남구-30-06,,,,,,,
 대구광역시,재건축,,남구-30-07,,,,,,,
 대구광역시,재건축,팔달동,북구-10-01,,,,,,,
 대구광역시,재개발,노원2동,북구-10-04,,,,,,,
 대구광역시,,복현아파트지구,,,,,,,,
 대구광역시,주거환경,복현지구,북구-10-18,,,,,,,
 대구광역시,재건축,대현2동 강변,북구-10-19,,,,,,,
 대구광역시,재건축,칠성24지구,북구-10-24,,,,,,,
 대구광역시,재개발,칠성새동네,북구-10-25,,,,,,,
 대구광역시,재건축,,북구-20-30,,,,,,,
 대구광역시,재개발,,북구-20-31,,,,,,,
 대구광역시,재건축,팔달동,북구-00-34,,,,,,,
 대구광역시,재개발,북구-30-01,북구-30-01,,,,,,,
 대구광역시,재개발,북구-30-02,북구-30-02,,,,,,,
 대구광역시,재개발,북구-30-03,북구-30-03,,,,,,,
 대구광역시,재개발,북구-30-04,북구-30-04,,,,,,,
 대구광역시,재개발,북구-30-05,북구-30-05,,,,,,,
 대구광역시,재개발,북구-30-06,북구-30-06,,,,,,,
 대구광역시,재개발,북구-30-07,북구-30-07,,,,,,,
 대구광역시,재개발,북구-30-08,북구-30-08,,,,,,,
 대구광역시,재개발,북구-30-09,북구-30-09,,,,,,,
 대구광역시,재개발,북구-30-10,북구-30-10,,,,,,,
 대구광역시,재개발,북구-30-11,북구-30-11,,,,,,,
 대구광역시,재개발,북구-30-12,북구-30-12,,,,,,,
 대구광역시,재건축,북구-30-13,북구-30-13,,,,,,,
 대구광역시,재건축,공작.크로바,수성구-10-07,,,,,,,
 대구광역시,재건축,범어우방1차아파트,수성구-10-14,,,,,,,
 대구광역시,재건축,우방범어타운2차,수성구-10-15,,,,,,,
 대구광역시,재건축,"삼환,삼익,새한",수성구-10-17,,,,,,,
 대구광역시,재건축,중동희망지구,수성구-10-19,,,,,,,
 대구광역시,재건축,청구중동아파트,수성구-10-22,,,,,,,
 대구광역시,,범어아파트지구,,,,,,,,
 대구광역시,재건축,가든1차,수성구-10-27,,,,,,,
 대구광역시,재건축,가든2차,수성구-10-27,,,,,,,
 대구광역시,재건축,가든3차,수성구-10-27,,,,,,,
 대구광역시,재건축,명문빌라,수성구-10-27,,,,,,,
 대구광역시,재건축,경남맨션,수성구-10-27,,,,,,,
 대구광역시,재건축,장원맨션,수성구-10-27,,,,,,,
 대구광역시,재건축,엘리시움,수성구-10-27,,,,,,,
 대구광역시,재건축,을지맨션,수성구-10-28,,,,,,,
 대구광역시,재건축,범어목련아파트,수성구-10-29,,,,,,,
 대구광역시,재건축,수성지구2차우방타운,수성구-10-30,,,,,,,
 대구광역시,재개발,만촌3동,수성구-10-32,,,,,,,
 대구광역시,재건축,삼풍아파트,수성구-10-34,,,,,,,
 대구광역시,재건축,파동 대자연2차 아파트,수성구-10-38,,,,,,,
 대구광역시,재개발,수성용두지구,수성구-10-40,,,,,,,
 대구광역시,재건축,지산시영1단지,수성구-20-44,,,,,,,
 대구광역시,재건축,,수성구-20-45,,,,,,,
 대구광역시,재건축,,수성구-20-46,,,,,,,
 대구광역시,재건축,궁전맨션,수성구-20-47,,,,,,,
 대구광역시,재건축,,수성구-20-48,,,,,,,
 대구광역시,재건축,,수성구-20-50,,,,,,,
 대구광역시,재개발,,수성구-20-51,,,,,,,
 대구광역시,재건축,,수성구-20-52,,,,,,,
 대구광역시,재건축,,수성구-20-53,,,,,,,
 대구광역시,재개발,수성1지구,수성구-20-54,,,,,,,
 대구광역시,재건축,파동강촌2지구,수성구-00-49,,,,,,,
 대구광역시,재건축,수성구-30-01,수성구-30-01,,,,,,,
 대구광역시,재건축,수성구-30-02,수성구-30-02,,,,,,,
 대구광역시,재건축,수성구-30-03,수성구-30-03,,,,,,,
 대구광역시,재건축,수성구-30-04,수성구-30-04,,,,,,,
 대구광역시,재건축,수성구-30-05,수성구-30-05,,,,,,,
 대구광역시,재건축,수성구-30-06,수성구-30-06,,,,,,,
 대구광역시,재건축,수성구-30-07,수성구-30-07,,,,,,,
 대구광역시,재건축,수성구-30-08,수성구-30-08,,,,,,,
 대구광역시,재건축,수성구-30-09,수성구-30-09,,,,,,,
 대구광역시,재건축,수성구-30-10,수성구-30-10,,,,,,,
 대구광역시,재개발,수성구-30-11,수성구-30-11,,,,,,,
 대구광역시,재개발,수성구-30-12,수성구-30-12,,,,,,,
 대구광역시,재개발,수성구-30-13,수성구-30-13,,,,,,,
 대구광역시,재건축,수성구-30-14,수성구-30-14,,,,,,,
 대구광역시,재건축,수성구-30-15,수성구-30-15,,,,,,,
 대구광역시,재건축,수성구-30-16,수성구-30-16,,,,,,,
 대구광역시,재건축,수성구-30-17,수성구-30-17,,,,,,,
 대구광역시,재건축,수성구-30-18,수성구-30-18,,,,,,,
 대구광역시,재건축,수성구-30-19,수성구-30-19,,,,,,,
 대구광역시,재건축,수성구-30-20,수성구-30-20,,,,,,,
 대구광역시,재건축,수성구-30-21,수성구-30-21,,,,,,,
 대구광역시,재개발,수성구-30-22,수성구-30-22,,,,,,,
 대구광역시,재건축,수성구-30-23,수성구-30-23,,,,,,,
 대구광역시,재건축,수성구-30-24,수성구-30-24,,,,,,,
 대구광역시,재건축,수성구-30-25,수성구-30-25,,,,,,,
 대구광역시,재건축,수성구-30-26,수성구-30-26,,,,,,,
 대구광역시,재건축,수성구-30-27,수성구-30-27,,,,,,,
 대구광역시,재건축,수성구-30-28,수성구-30-28,,,,,,,
 대구광역시,재건축,수성구-30-29,수성구-30-29,,,,,,,
 대구광역시,재건축,수성구-30-30,수성구-30-30,,,,,,,
 대구광역시,재건축,수성구-30-31,수성구-30-31,,,,,,,
 대구광역시,재건축,수성구-30-32,수성구-30-32,,,,,,,
 대구광역시,재건축,수성구-30-33,수성구-30-33,,,,,,,
 대구광역시,재건축,수성구-30-34,수성구-30-34,,,,,,,
 대구광역시,재건축,수성구-30-35,수성구-30-35,,,,,,,
 대구광역시,재건축,수성구-30-36,수성구-30-36,,,,,,,
 대구광역시,재건축,죽전3구역,달서구-10-03,,,,,,,
 대구광역시,재개발,반고개,달서구-10-04,,,,,,,
 대구광역시,재개발,달자03지구,달서구-10-05,,,,,,,
 대구광역시,재건축,달자01지구,달서구-10-06,,,,,,,
 대구광역시,재개발,두류7,달서구-10-07,,,,,,,
 대구광역시,재개발,본리지구,달서구-10-08,,,,,,,
 대구광역시,,달서아파트지구,,,,,,,,
 대구광역시,재건축,"라일락,남도,
성남,황실APT",달서구-10-09,,,,,,,
 대구광역시,재건축,성당우방,달서구-10-09,,,,,,,
 대구광역시,재건축,송학,달서구-10-10,,,,,,,
 대구광역시,재건축,본리덕인,달서구-10-17,,,,,,,
 대구광역시,재건축,월송상록,달서구-10-24,,,,,,,
 대구광역시,재건축,송현주공3단지 아파트,달서구-20-26,,,,,,,
 대구광역시,재건축,현대백조타운,달서구-20-27,,,,,,,
 대구광역시,재건축,고려낙원,달서구-20-28,,,,,,,
 대구광역시,재건축,우방청자,달서구-20-29,,,,,,,
 대구광역시,재건축,한양은하,달서구-20-30,,,,,,,
 대구광역시,재건축,산호,달서구-20-31,,,,,,,
 대구광역시,재건축,송현월성,달서구-20-32,,,,,,,
 대구광역시,재건축,장관빌라,달서구-20-33,,,,,,,
 대구광역시,재건축,대곡금강,달서구-20-34,,,,,,,
 대구광역시,재건축,달서구-30-01,달서구-30-01,,,,,,,
 대구광역시,재개발,달서구-30-02,달서구-30-02,,,,,,,
 대구광역시,재건축,달서구-30-03,달서구-30-03,,,,,,,
 대구광역시,재건축,달서구-30-04,달서구-30-04,,,,,,,
 대구광역시,재건축,달서구-30-05,달서구-30-05,,,,,,,
 대구광역시,재건축,한우아파트,달성군-10-01,,,,,,,
 대구광역시,재건축,형광현대아파트,달성군-20-04,,,,,,,
 대구광역시,재건축,경일아파트,달성군-20-05,,,,,,,
 대구광역시,재건축,천내보성타운아파트,달성군-20-06,,,,,,,
 대구광역시,재건축,"창신맨션,에덴타운아파트",달성군-20-07,,,,,,,
 대구광역시,재건축,"천내우방맨션,평광2차아파트",달성군-20-08,,,,,,,
 대구광역시,재건축,"영남맨션,동서동산아파트",달성군-20-09,,,,,,,
 대구광역시,재개발,달성군-30-01,달성군-30-01,,,,,,,
 울산광역시,주거환경개선,A-04,동동 421번지 일원,,,,,,,
 울산광역시,재개발,B-04,교동 190-4번지 일원,,,,,,,
 울산광역시,재개발,B-05,복산동 460-72번지 일원,,,,,,,
 울산광역시,재개발,B-10,학성동 39번지 일원,,,,,,,
 울산광역시,재개발,B-11,남외동 52-4번지 일원,,,,,,,
 울산광역시,재건축,C-01,우정동 284-1 일원,,,,,,,
 울산광역시,주거환경개선,A-01,상개동 154-1번지 일원,,,,,,,
 울산광역시,재개발,B-01,신정동 1441-6일원,,,,,,,
 울산광역시,재개발,B-02,신정동 1316-33 일원,,,,,,,
 울산광역시,재개발,B-04,신정동 1586 일원,,,,,,,
 울산광역시,재개발,B-07,신정4동 880-9일원,,,,,,,
 울산광역시,재개발,B-08,신정4동 901-3 일원,,,,,,,
 울산광역시,재개발,B-14,야음동 350-5번지 일원,,,,,,,
 울산광역시,재개발,B-16,신정동 135-9 일원,,,,,,,
 울산광역시,재건축,C-02,무거1동 1184-1 일원,,,,,,,
 울산광역시,재건축,C-03,신정2동 1622-1 일원,,,,,,,
 울산광역시,주거환경개선,A-01,일산동 155번지 일원,,,,,,,
 울산광역시,재개발,D-01,방어동 314-2 일원,,,,,,,
 울산광역시,재건축,C-04,전하동 301-5 일원,,,,,,,
 울산광역시,주거환경개선,A-02,염포동 521-1 일원,,,,,,,
 울산광역시,재개발,B-02,양정동 484-56 일원,,,,,,,
 울산광역시,주거환경개선,A-11,청량읍 상남리 727-1번지 일원,,,,,,,
 제주특별자치도,재개발,시민복지타운,제주특별자치도 제주시 도남동,,315,,,,,
 제주특별자치도,재개발,하귀1지구,제주특별자치도 제주시 애월읍 하귀1리,,1680,,,,,
 제주특별자치도,재개발,이도2지구,제주특별자치도 제주시 이도2동,,2097,,,,,
 제주특별자치도,재개발,아라지구,제주특별자치도 제주시 아라동 ,,4247,,,,,
 제주특별자치도,재개발,노형2지구,제주특별자치도 제주시 노형동 ,,960,,,,,
 제주특별자치도,재개발,화북상업,제주특별자치도 제주시 화북1동,,605,,,,,
 제주특별자치도,재건축,노형세기1차,제주특별자치도 제주시 노형동 1964-6,,,,,,,
 제주특별자치도,재건축,삼덕연립,제주특별자치도 제주시 연동 267,,,,,,,
 제주특별자치도,재건축,정한(전원)빌라,제주특별자치도 제주시 연동 253-11,,,,,,,
 제주특별자치도,재건축,탐라빌라,제주특별자치도 제주시 연동 265,,,,,,,
 제주특별자치도,재건축,인제아파트,제주특별자치도 제주시 일도이동 377-9,,,,,,,
 제주특별자치도,재건축,우주빌라,제주특별자치도 제주시 연동 253-20,,,,,,,
강원도 강릉시,재개발,포남주공1단지아파트,강원도 강릉시 포남동 1065 일원,,646,,,,,
강원도 강릉시,재개발,교동 이화연립,강원도 강릉시 교동 303-1 일원,,120,,,,,
강원도 강릉시,재개발,교동 매화연립,"강원도 강릉시 교동 318-4,268-8",,100,,,,,
강원도 강릉시,재개발,교동 이화본동,강원도 강릉시 교동 312-1 일원,,40,,,,,
강원도 강릉시,재개발,주문진 1주공아파트,강원도 강릉시 주문진읍 교항리 387-6,,190,,,,,
강원도 강릉시,재개발,원동나래 주택재개발,원주시 원동 산10-1번지 일대(320필지),,1005,,,,,
강원도 강릉시,재개발,원동남산 주택재개발,원주시 원동 105-1번지 일대,,1167,,,,,
강원도 강릉시,재개발,원동다박골 주택재개발,원주시 원동 274-40번지 일대,,353,,,,,
강원도 강릉시,재개발,단구14통 주택재개발,원주시 단구동 531-8번지 일원,,353,,,,,
전라북도 전주시,재개발,전주만성구역,전주시 덕진구 만성동 400 일원,,,,,,,
전라북도 전주시,재개발,전주에코시티구역,"전주시 덕진구 호성,송천,전미동 일원",,,,,,,
전라북도 전주시,재개발,전주효천구역,"전주시 완산구 효자동,삼천동 일원",,,,,,,
전라북도 전주시,재개발,전주 서부신시가지구역,전주시 완산구 효자동3가 423 일원,,,,,,,
전라북도 군산시,재개발,군산미장구역,군산시 미장동 58-73 일원,,,,,,,
전라북도 익산시,재개발,부송4지구,익산시 부송동 286 일원,,,,,,,
전라북도 익산시,재개발,익산왕궁온천구역,익산시 왕궁면 온수리 594 일원,,,,,,,
전라북도 남원시,재개발,남원구암지구,남원시 향교동 96번지 일원,,,,,,,
전라북도 남원시,재개발,남원신정구역,남원시 신정동 29-4 일원,,,,,,,
전라북도 완주군,재개발,완주 운곡구역,완주군 용진읍 운곡리 839번지 일원,,,,,,,
전라북도 임실군,재개발,임실운암구역,임실군 운암면 쌍암리 389 일원,,,,,,,
전라북도 임실군,재개발,임실 도인구역,임실군 성수면 도인리 산3-3 일원,,,,,,,
전라북도 순창군,재개발,순창 순화지구,순창군 순창읍 순화리 21번지 일원,,,,,,,
충청북도 청주시,재개발,탑동2,,,1368,,,,,
충청북도 청주시,재개발,사직1,,,2482,,,,,
충청북도 청주시,재개발,사직3,,,2330,,,,,
충청북도 청주시,재개발,사모1,,,2512,,,,,
충청북도 청주시,재개발,사모2,,,4148,,,,,
충청북도 청주시,재개발,모충1,,,839,,,,,
충청북도 청주시,재개발,복대2,,,986,,,,,
충청북도 청주시,재개발,사직4,,,,,,,,
충청북도 청주시,재개발,율량·사천,,,748,,,,,
충청북도 청주시,재개발,봉명1,,,1745,,,,,
충청북도 청주시,재개발,봉명2,,,,,,,,
충청북도 청주시,재개발,사창2공구A블럭,,,,,,,,
충청북도 청주시,재개발,사창2공구B블럭,,,456,,,,,
충청북도 청주시,재개발,운천주공,,,1894,,,,,
충청북도 청주시,재개발,남주동8,,,478,,,,,
충청북도 청주시,재개발,남주동1,,,546,,,,,
충청북도 청주시,재개발,남주동2,,,498,,,,,
충청북도 청주시,재개발,남문로1,,,318,,,,,
충청북도 청주시,재개발,사직주공(1),,,810,,,,,
충청북도 청주시,재개발,사직주공(2·3),,,3599,,,,,
충청북도 청주시,재개발,탑동1,,,4000,,,,,
충청북도 청주시,재개발,영운,,,1692,,,,,
충청북도 청주시,재개발,모충2,,,,,,,,
경상북도 포항,재개발,포항 장성,,,1200,,,,,
경상북도 포항,재개발,포항 환여,,,330,,,,,
경상북도 포항,재개발,포항 창포,,,4301,,,,,
경상북도 포항,재개발,포항 장량,,,6046,,,,,
경상북도 경주,재개발,경주 용강,,,2786,,,,,
경상북도 김천,재개발,김천 신음 ,,,840,,,,,
경상북도 김천,재개발,김천 신음2,,,1118,,,,,
경상북도 김천,재개발,김천 교동,,,1526,,,,,
경상북도 김천,재개발,김천 부곡,,,1956,,,,,
경상북도 안동,재개발,안동 송현,,,989,,,,,
경상북도 안동,재개발,안동 안기,,,1200,,,,,
경상북도 안동,재개발,안동 정상,,,9688,,,,,
경상북도 안동,재개발,안동 옥동,,,3087,,,,,
경상북도 구미,재개발,선산 교리 ,,,140,,,,,
경상북도 구미,재개발,구미 도량,,,4905,,,,,
경상북도 구미,재개발,구미 도량2,,,3830,,,,,
경상북도 구미,재개발,구미 옥계,,,3218,,,,,
경상북도 구미,재개발,구미 옥계2,,,2449,,,,,
경상북도 구미,재개발,구미 옥계3 ,,,408,,,,,
경상북도 구미,재개발,선산 원호 ,,,3588,,,,,
경상북도 구미,재개발,구미 구평,,,6251,,,,,
경상북도 구미,재개발,구미 구평2,,,1586,,,,,
경상북도 영주,재개발,영주 상망 ,,,491,,,,,
경상북도 영주,재개발,영천 문외1,,,592,,,,,
경상북도 문경,재개발,점촌 흥덕1,,,680,,,,,
경상북도 문경,재개발,점촌 흥덕2 ,,,185,,,,,
경상북도 문경,재개발,"점촌 모전1,2 ",,,1582,,,,,
경상북도 경산,재개발,경산 옥산,,,4237,,,,,
경상북도 경산,재개발,경산 옥산2 ,,,3479,,,,,
경상북도 경산,재개발,경산 임당,,,1237,,,,,
경상북도 경산,재개발,경산 사동,,,3869,,,,,
경상북도 경산,재개발,경산 백천,,,2923,,,,,
경상북도 경산,재개발,경산 서부,,,3159,,,,,
경상북도 경산,재개발,경산 대평,,,1407,,,,,
경상북도 경산,재개발,경산 사동2,,,5403,,,,,
경상북도 영덕 ,재개발,영덕 금진,,,158,,,,,
경상북도 경산,재개발,경산 하양,,,4984,,,,,
경상북도 김천,재개발,김천 송천,,,4777,,,,,
